date;avg_temp;max_temp;min_temp;season
2018-10-30;13.9;17.9;10.0;Fall
2018-10-31;13.7;18.0;9.0;Fall
2018-11-03;14.1;15.2;12.9;Fall
2018-11-04;14.7;15.8;13.3;Fall
2018-11-05;15.5;18.2;13.4;Fall
2018-11-09;12.4;15.3;9.6;Fall
2018-11-10;12.5;13.8;10.4;Fall
2018-11-11;14.1;17.5;11.8;Fall
2018-11-14;12.9;15.0;10.1;Fall
2018-11-15;10.8;13.0;8.9;Fall
2018-11-20;3.7;5.5;1.3;Fall
2018-11-22;8.6;12.1;6.6;Fall
2018-11-26;9.9;13.4;7.9;Fall
2018-12-02;4.9;7.4;2.9;Fall
2018-12-07;7.1;10.4;4.8;Fall
2018-12-13;2.3;3.7;0.6;Fall
2018-12-14;2.5;5.2;0.6;Fall
2018-12-18;0.1;5.1;-3.2;Fall
2018-12-20;1.7;3.5;0.2;Fall
2018-12-21;2.7;5.6;0.5;Winter
2018-12-22;4.4;7.8;2.1;Winter
2018-12-23;3.4;4.4;1.4;Winter
2018-12-27;0.7;4.0;-2.4;Winter
2018-12-28;4.7;10.4;0.6;Winter
2018-12-29;5.2;10.5;1.5;Winter
2018-12-30;6.0;11.9;1.5;Winter
2018-12-31;5.4;11.1;0.4;Winter
2019-01-02;1.0;4.4;-2.2;Winter
2019-01-05;1.4;4.6;-1.4;Winter
2019-01-11;2.3;7.4;-1.0;Winter
2019-01-15;7.2;13.3;2.5;Winter
2019-01-18;5.7;6.9;4.2;Winter
2019-01-21;3.2;4.4;2.1;Winter
2019-01-24;1.7;4.0;-0.2;Winter
2019-01-27;0.9;3.5;-1.4;Winter
2019-01-28;2.8;4.1;0.7;Winter
2019-01-31;1.4;4.9;-1.2;Winter
2019-02-02;2.9;3.9;1.0;Winter
2019-02-06;5.9;10.8;2.2;Winter
2019-02-07;5.5;10.5;0.7;Winter
2019-02-08;6.2;11.5;2.2;Winter
2019-02-10;9.6;14.7;5.2;Winter
2019-02-12;8.8;14.4;1.8;Winter
2019-02-13;5.9;13.1;0.2;Winter
2019-02-14;6.9;13.9;1.3;Winter
2019-02-15;7.4;14.4;2.0;Winter
2019-02-17;9.0;16.4;3.1;Winter
2019-02-23;5.8;9.4;0.6;Winter
2019-02-26;11.7;18.9;5.3;Winter
2019-02-27;14.0;21.9;7.2;Winter
2019-02-28;11.9;18.9;6.0;Winter
2019-03-03;11.7;18.8;4.7;Winter
2019-03-04;12.6;18.1;7.2;Winter
2019-03-06;11.4;16.7;6.1;Winter
2019-03-09;13.4;19.9;7.2;Winter
2019-03-10;13.1;17.9;8.4;Winter
2019-03-11;12.4;19.2;5.1;Winter
2019-03-25;16.0;23.1;5.1;Spring
2019-03-28;9.2;14.7;3.5;Spring
2019-03-30;12.6;19.1;5.1;Spring
2019-03-31;13.9;21.0;6.5;Spring
2019-04-02;15.4;20.3;9.0;Spring
2019-04-06;12.5;16.7;9.0;Spring
2019-04-08;12.9;17.0;8.7;Spring
2019-04-10;13.9;19.4;9.3;Spring
2019-04-20;15.6;22.3;8.0;Spring
2019-04-29;8.9;10.9;6.6;Spring
2019-05-04;14.5;18.9;11.6;Spring
2019-05-05;8.4;13.6;6.4;Spring
2019-05-06;10.8;16.6;5.8;Spring
2019-05-12;10.9;12.7;10.1;Spring
2019-05-13;12.1;14.0;10.1;Spring
2019-05-17;14.4;18.9;9.1;Spring
2019-05-18;13.2;14.5;12.1;Spring
2019-05-19;13.9;16.9;12.4;Spring
2019-05-21;18.3;23.8;13.9;Spring
2019-05-22;18.2;23.7;14.4;Spring
2019-05-24;20.1;25.8;14.2;Spring
2019-05-27;15.3;17.4;14.1;Spring
2019-05-28;17.1;22.4;14.0;Spring
2019-05-30;16.9;20.6;12.1;Spring
2019-06-09;23.7;29.3;17.6;Spring
2019-06-11;26.2;31.6;21.3;Spring
2019-06-14;24.7;30.4;18.8;Spring
2019-06-16;25.6;31.4;19.2;Spring
2019-06-22;21.4;27.0;17.9;Summer
2019-06-23;24.2;30.6;17.5;Summer
2019-06-24;26.5;32.2;19.3;Summer
2019-06-30;27.6;34.6;19.2;Summer
2019-07-05;28.4;34.8;21.0;Summer
2019-07-06;29.6;35.6;23.9;Summer
2019-07-07;27.8;33.7;22.9;Summer
2019-07-10;22.0;25.7;18.0;Summer
2019-07-13;23.6;30.0;18.1;Summer
2019-07-16;23.0;29.2;17.2;Summer
2019-07-17;25.5;32.2;17.3;Summer
2019-07-20;27.4;34.5;20.3;Summer
2019-07-21;28.5;35.3;21.4;Summer
2019-07-23;28.8;34.7;22.1;Summer
2019-07-29;26.5;33.1;21.7;Summer
2019-08-01;27.7;34.0;21.6;Summer
2019-08-07;26.7;33.7;20.6;Summer
2019-08-11;28.7;34.9;22.6;Summer
2019-08-12;28.0;33.7;22.2;Summer
2019-08-13;26.4;32.9;21.6;Summer
2019-08-14;23.1;27.5;18.4;Summer
2019-08-15;23.6;29.8;17.3;Summer
2019-08-18;26.1;32.7;19.8;Summer
2019-08-20;27.4;34.3;20.7;Summer
2019-08-21;26.0;32.8;21.8;Summer
2019-08-26;25.9;31.5;20.7;Summer
2019-08-29;25.7;32.5;19.1;Summer
2019-09-01;25.8;32.5;20.3;Summer
2019-09-02;24.6;29.0;20.4;Summer
2019-09-04;21.8;28.2;16.4;Summer
2019-09-08;17.6;21.0;14.0;Summer
2019-09-11;20.7;26.5;16.1;Summer
2019-09-15;22.7;29.4;16.3;Summer
2019-09-16;24.1;30.5;17.9;Summer
2019-09-18;22.7;28.1;18.8;Summer
2019-09-20;16.2;21.1;11.4;Summer
2019-09-23;15.2;16.8;14.1;Fall
2019-09-26;19.8;25.1;15.3;Fall
2019-09-28;22.5;27.9;18.6;Fall
2019-09-29;21.6;27.5;16.7;Fall
2019-09-30;22.2;28.4;16.7;Fall
2019-10-03;14.1;18.0;9.8;Fall
2019-10-04;14.7;19.5;8.6;Fall
2019-10-08;14.4;20.5;8.9;Fall
2019-10-09;16.6;22.6;10.7;Fall
2019-10-11;16.7;20.9;13.6;Fall
2019-10-15;19.0;25.1;15.3;Fall
2019-10-17;17.1;22.3;11.7;Fall
2019-10-20;19.8;25.6;15.1;Fall
2019-10-24;16.8;17.8;15.5;Fall
2019-10-25;17.0;20.5;14.5;Fall
2019-10-29;15.5;18.0;13.6;Fall
2019-10-31;9.7;10.5;8.9;Fall
2019-11-01;11.1;13.2;9.5;Fall
2019-11-06;12.1;15.6;9.0;Fall
2019-11-09;10.2;14.0;6.6;Fall
2019-11-14;8.8;11.7;3.6;Fall
2019-11-15;10.6;14.3;6.7;Fall
2019-11-16;9.4;12.8;6.7;Fall
2019-11-20;10.0;11.2;8.9;Fall
2019-12-01;6.9;8.0;5.5;Fall
2019-12-04;3.9;7.6;0.7;Fall
2019-12-08;7.0;11.5;3.1;Fall
2019-12-14;5.8;11.2;-0.2;Fall
2019-12-17;7.9;9.6;6.5;Fall
2019-12-18;8.5;9.3;6.9;Fall
2020-01-01;4.6;9.6;1.4;Winter
2020-01-02;3.9;8.1;0.9;Winter
2020-01-04;7.6;11.6;4.2;Winter
2020-01-07;0.7;5.0;-1.8;Winter
2020-01-11;6.9;10.4;3.6;Winter
2020-01-15;5.8;7.4;4.0;Winter
2020-01-18;6.5;9.3;5.7;Winter
2020-01-20;5.0;9.3;2.4;Winter
2020-01-22;4.8;10.1;1.4;Winter
2020-01-25;5.3;6.0;4.4;Winter
2020-02-02;7.1;10.0;4.7;Winter
2020-02-05;8.0;13.9;3.7;Winter
2020-02-12;12.6;17.1;7.8;Winter
2020-02-18;10.6;12.5;8.9;Winter
2020-02-19;10.3;14.2;6.5;Winter
2020-02-21;8.6;14.5;2.6;Winter
2020-02-22;8.8;14.3;3.3;Winter
2020-02-23;10.9;15.9;6.4;Winter
2020-02-26;10.6;17.6;6.1;Winter
2020-02-28;10.1;15.7;5.9;Winter
2020-03-01;6.8;8.5;4.7;Winter
2020-03-03;7.5;10.8;5.5;Winter
2020-03-06;7.9;12.2;4.1;Winter
2020-03-11;12.4;19.2;6.8;Winter
2020-03-15;9.0;14.3;3.7;Winter
2020-03-17;10.8;17.4;4.4;Winter
2020-03-24;5.5;10.2;-0.2;Spring
2020-04-01;6.0;10.8;0.5;Spring
2020-04-05;12.5;17.9;6.3;Spring
2020-04-11;18.7;25.8;11.3;Spring
2020-04-22;14.3;19.3;9.3;Spring
2020-04-23;14.8;21.2;8.7;Spring
2020-04-30;18.3;23.7;13.3;Spring
2020-05-04;17.9;25.0;9.9;Spring
2020-05-11;18.6;23.1;14.4;Spring
2020-05-17;20.3;26.4;15.0;Spring
2020-05-22;22.2;28.6;15.1;Spring
2020-05-23;24.2;30.4;17.9;Spring
2020-05-25;20.8;28.0;12.5;Spring
2020-05-28;20.5;27.0;12.7;Spring
2020-06-07;21.8;26.8;16.6;Spring
2020-06-08;18.8;24.2;14.9;Spring
2020-06-11;17.1;22.9;13.5;Spring
2020-06-14;20.8;25.8;14.6;Spring
2020-06-15;20.5;26.3;17.5;Spring
2020-06-18;22.1;28.0;16.8;Spring
2020-06-24;25.0;30.8;18.4;Summer
2020-06-28;27.9;34.4;21.1;Summer
2020-07-02;27.0;33.1;21.9;Summer
2020-07-11;25.1;33.5;19.5;Summer
2020-07-15;22.3;28.9;16.2;Summer
2020-07-21;27.7;34.7;21.1;Summer
2020-07-23;25.5;31.0;19.8;Summer
2020-07-25;24.6;30.7;17.1;Summer
2020-08-03;22.1;25.7;18.1;Summer
2020-08-05;21.4;25.6;17.3;Summer
2020-08-09;27.8;34.3;21.0;Summer
2020-08-10;28.2;35.0;20.7;Summer
2020-08-11;28.0;34.4;22.3;Summer
2020-08-15;25.7;32.4;20.0;Summer
2020-08-17;25.8;31.5;21.2;Summer
2020-08-19;25.8;31.8;19.6;Summer
2020-08-21;27.9;34.7;20.8;Summer
2020-08-23;26.1;32.1;20.6;Summer
2020-08-24;24.4;28.9;20.1;Summer
2020-08-25;24.8;30.0;19.1;Summer
2020-09-01;20.9;27.4;14.7;Summer
2020-09-04;22.7;29.6;15.9;Summer
2020-09-05;24.2;30.8;16.8;Summer
2020-09-07;22.7;28.7;18.0;Summer
2020-09-08;22.3;27.7;17.8;Summer
2020-09-21;20.7;27.1;16.6;Summer
2020-09-24;20.9;25.5;17.0;Fall
2020-09-25;19.1;25.9;11.3;Fall
2020-09-26;16.0;21.4;11.6;Fall
2020-09-27;12.9;16.2;10.2;Fall
2020-10-01;19.0;23.7;15.0;Fall
2020-10-12;10.8;14.7;8.5;Fall
2020-10-16;11.3;15.7;8.5;Fall
2020-10-27;12.8;16.5;8.9;Fall
2020-10-30;13.3;18.1;9.7;Fall
2020-10-31;13.6;18.3;9.2;Fall
2020-11-02;12.1;14.6;9.0;Fall
2020-11-03;14.0;15.6;12.8;Fall
2020-11-05;14.6;17.3;12.1;Fall
2020-11-10;12.1;16.7;9.0;Fall
2020-11-18;9.0;14.1;5.2;Fall
2020-11-20;8.3;12.0;4.9;Fall
2020-11-21;6.3;10.0;2.5;Fall
2020-11-23;4.7;9.8;0.7;Fall
2020-11-25;6.1;11.0;2.6;Fall
2020-11-26;4.9;8.8;2.3;Fall
2020-12-01;4.2;6.1;2.0;Fall
2020-12-04;7.7;13.8;2.4;Fall
2020-12-08;5.2;6.1;4.2;Fall
2020-12-10;6.5;7.5;5.1;Fall
2020-12-12;5.3;5.8;4.7;Fall
2020-12-14;4.2;8.9;1.3;Fall
2020-12-16;7.7;10.4;5.9;Fall
2020-12-23;9.4;11.8;7.6;Winter
2020-12-26;5.3;8.2;2.1;Winter
2020-12-27;2.5;5.4;-0.4;Winter
2020-12-29;6.0;12.8;1.0;Winter
2021-01-03;5.8;8.5;3.4;Winter
2021-01-05;3.9;5.8;2.7;Winter
2021-01-09;2.4;3.6;0.7;Winter
2021-01-13;2.8;6.8;-0.6;Winter
2021-01-14;3.1;7.5;-1.1;Winter
2021-01-15;3.0;5.1;0.6;Winter
2021-01-17;1.7;3.2;0.2;Winter
2021-01-23;7.7;10.7;3.9;Winter
2021-01-31;5.7;6.4;4.6;Winter
2021-02-04;7.5;10.5;4.2;Winter
2021-02-05;8.5;10.0;7.1;Winter
2021-02-06;8.6;9.6;8.0;Winter
2021-02-08;10.4;13.9;5.6;Winter
2021-02-13;-0.6;1.4;-3.0;Winter
2021-02-18;8.7;12.7;4.5;Winter
2021-02-21;9.1;14.1;4.3;Winter
2021-02-26;13.2;20.5;7.1;Winter
2021-02-28;7.7;13.0;3.2;Winter
2021-03-02;9.5;16.3;3.8;Winter
2021-03-04;10.6;16.2;5.2;Winter
2021-03-06;6.8;10.2;2.5;Winter
2021-03-11;10.3;15.0;3.3;Winter
2021-03-14;9.3;14.3;3.6;Winter
2021-03-16;10.7;15.7;5.8;Winter
2021-03-18;7.1;11.2;2.0;Winter
2021-03-20;4.7;10.3;0.1;Winter
2021-04-01;19.2;26.4;11.5;Spring
2021-04-04;9.7;14.1;4.8;Spring
2021-04-06;6.0;11.3;1.9;Spring
2021-04-07;5.8;11.6;0.6;Spring
2021-04-08;10.1;16.5;2.6;Spring
2021-04-09;11.7;17.4;6.0;Spring
2021-04-14;8.4;13.4;3.1;Spring
2021-04-15;7.5;11.5;3.5;Spring
2021-04-16;8.3;14.2;2.4;Spring
2021-04-19;10.7;16.6;5.9;Spring
2021-04-23;13.6;19.5;6.8;Spring
2021-05-02;16.9;22.1;12.1;Spring
2021-05-07;19.3;25.6;13.2;Spring
2021-05-10;19.0;26.7;12.1;Spring
2021-05-12;16.1;22.6;12.1;Spring
2021-05-22;19.4;23.5;16.4;Spring
2021-05-25;17.7;23.5;12.0;Spring
2021-05-26;17.5;24.0;10.2;Spring
2021-05-31;18.3;24.0;13.1;Spring
2021-06-05;24.7;29.7;20.4;Spring
2021-06-06;21.3;27.7;17.5;Spring
2021-06-08;20.0;26.0;15.8;Spring
2021-06-10;22.2;28.5;17.8;Spring
2021-06-14;23.8;28.9;18.5;Spring
2021-06-15;23.6;29.3;17.6;Spring
2021-06-21;28.5;34.8;23.7;Summer
2021-06-23;27.0;33.8;20.5;Summer
2021-06-24;27.2;34.0;20.8;Summer
2021-06-25;25.8;32.0;18.7;Summer
2021-06-26;25.6;32.2;18.4;Summer
2021-06-28;27.0;33.1;19.4;Summer
2021-06-29;28.7;35.1;22.3;Summer
2021-07-06;26.9;33.1;19.5;Summer
2021-07-08;27.4;35.8;20.4;Summer
2021-07-09;25.6;32.0;17.8;Summer
2021-07-11;26.9;33.2;20.9;Summer
2021-07-12;28.0;35.4;21.5;Summer
2021-07-14;23.0;28.1;19.0;Summer
2021-07-19;27.0;32.7;21.5;Summer
2021-07-22;26.5;32.4;20.8;Summer
2021-07-23;26.8;33.4;20.0;Summer
2021-07-26;26.2;32.6;22.6;Summer
2021-07-29;27.4;33.9;21.1;Summer
2021-07-31;29.8;36.4;22.9;Summer
2021-08-01;26.4;32.2;20.7;Summer
2021-08-08;28.7;34.6;23.4;Summer
2021-08-09;27.1;34.4;19.3;Summer
2021-08-10;27.1;34.1;21.1;Summer
2021-08-11;29.0;35.5;22.3;Summer
2021-08-13;29.3;35.9;23.8;Summer
2021-08-14;30.4;37.5;22.5;Summer
2021-08-16;30.0;37.2;23.5;Summer
2021-08-18;23.7;29.6;17.7;Summer
2021-08-20;25.6;32.0;18.7;Summer
2021-08-22;27.8;35.3;21.3;Summer
2021-08-23;21.8;25.7;18.8;Summer
2021-08-24;22.6;28.7;17.8;Summer
2021-08-25;22.2;28.1;16.9;Summer
2021-08-29;20.5;27.1;13.9;Summer
2021-08-31;20.3;26.3;14.9;Summer
2021-09-06;22.1;29.0;15.7;Summer
2021-09-11;22.8;29.5;16.4;Summer
2021-09-12;23.4;30.4;16.4;Summer
2021-09-13;24.8;32.1;15.8;Summer
2021-09-15;25.3;30.2;21.0;Summer
2021-09-21;18.0;23.0;13.9;Summer
2021-09-24;19.8;26.3;12.7;Fall
2021-09-25;21.1;27.1;15.1;Fall
2021-09-27;18.4;21.8;15.5;Fall
2021-09-29;20.8;26.2;15.9;Fall
2021-10-06;16.9;22.1;12.4;Fall
2021-10-11;13.3;18.5;9.4;Fall
2021-10-12;13.6;19.1;8.9;Fall
2021-10-13;12.3;18.2;7.9;Fall
2021-10-14;11.3;17.0;6.2;Fall
2021-10-15;11.4;17.4;5.7;Fall
2021-10-24;12.7;17.3;8.8;Fall
2021-11-02;13.1;18.5;8.8;Fall
2021-11-06;10.4;13.3;8.2;Fall
2021-11-11;12.0;14.8;9.4;Fall
2021-11-16;9.4;10.6;8.8;Fall
2021-11-17;10.5;11.6;8.9;Fall
2021-11-24;7.1;11.0;4.5;Fall
2021-11-26;8.1;12.1;5.2;Fall
2021-11-27;11.4;15.1;8.3;Fall
2021-11-28;6.5;11.9;3.2;Fall
2021-12-03;6.1;8.3;3.1;Fall
2021-12-07;3.4;8.2;-0.1;Fall
2021-12-10;2.5;5.2;0.4;Fall
2021-12-11;4.4;8.4;1.3;Fall
2021-12-14;5.0;10.1;1.6;Fall
2021-12-21;4.5;6.2;2.2;Winter
2021-12-25;4.5;5.8;3.0;Winter
2021-12-26;5.4;6.3;4.1;Winter
2021-12-30;4.2;5.7;2.4;Winter
2022-01-04;4.4;5.8;2.8;Winter
2022-01-05;7.0;14.3;2.4;Winter
2022-01-08;1.5;5.7;-1.4;Winter
2022-01-10;2.8;5.0;0.6;Winter
2022-01-15;6.1;11.4;2.3;Winter
2022-01-16;5.7;10.6;1.7;Winter
2022-01-21;3.4;6.1;0.1;Winter
2022-01-25;2.8;4.9;1.7;Winter
2022-01-26;3.6;7.0;0.0;Winter
2022-01-29;4.2;10.1;-1.9;Winter
2022-01-31;4.0;8.0;-0.4;Winter
2022-02-01;8.9;14.5;4.9;Winter
2022-02-02;9.2;16.0;2.8;Winter
2022-02-10;9.8;16.5;3.9;Winter
2022-02-17;7.6;13.4;2.6;Winter
2022-02-18;5.8;9.7;2.7;Winter
2022-02-19;8.5;12.9;4.4;Winter
2022-02-26;6.3;11.0;2.2;Winter
2022-03-01;5.3;9.6;0.5;Winter
2022-03-03;8.9;14.3;4.9;Winter
2022-03-06;4.2;8.8;0.4;Winter
2022-03-09;6.5;13.5;-0.1;Winter
2022-03-10;8.1;15.7;1.1;Winter
2022-03-14;8.6;14.2;3.8;Winter
2022-03-16;12.4;17.4;7.8;Winter
2022-03-18;9.5;13.1;6.3;Winter
2022-03-21;7.4;13.5;1.6;Spring
2022-03-24;14.2;21.9;6.4;Spring
2022-03-27;12.3;18.7;6.9;Spring
2022-03-28;12.9;20.4;5.7;Spring
2022-04-04;9.2;13.7;5.2;Spring
2022-04-06;11.7;17.6;5.4;Spring
2022-04-08;18.2;22.4;13.5;Spring
2022-04-09;13.2;20.5;4.5;Spring
2022-04-11;12.7;18.9;6.7;Spring
2022-04-16;15.4;20.3;10.4;Spring
2022-04-20;12.3;16.0;9.9;Spring
2022-04-22;10.6;12.5;8.8;Spring
2022-04-23;15.3;21.3;9.7;Spring
2022-04-25;15.3;20.6;10.1;Spring
2022-04-30;16.4;22.2;8.9;Spring
2022-05-03;17.6;23.4;11.8;Spring
2022-05-04;17.2;23.3;11.4;Spring
2022-05-07;14.6;16.9;12.5;Spring
2022-05-11;22.7;29.0;15.5;Spring
2022-05-13;22.6;29.8;16.0;Spring
2022-05-16;24.7;31.3;18.8;Spring
2022-05-22;25.0;31.4;19.8;Spring
2022-05-24;24.7;29.3;19.1;Spring
2022-05-25;23.6;29.3;18.6;Spring
2022-05-31;20.4;25.7;16.1;Spring
2022-06-03;22.9;26.0;18.8;Spring
2022-06-05;26.7;32.7;20.7;Spring
2022-06-07;22.2;29.2;18.1;Spring
2022-06-08;22.3;27.6;16.2;Spring
2022-06-15;25.5;32.1;19.3;Spring
2022-06-16;27.7;35.4;19.9;Spring
2022-06-18;26.3;31.5;20.4;Spring
2022-06-19;26.7;32.3;20.7;Spring
2022-06-24;27.8;33.6;22.0;Summer
2022-06-26;27.8;34.2;21.6;Summer
2022-06-27;28.0;34.9;20.6;Summer
2022-06-28;26.0;29.4;22.3;Summer
2022-07-02;28.4;35.6;20.8;Summer
2022-07-08;24.0;30.0;17.4;Summer
2022-07-12;25.6;30.1;20.7;Summer
2022-07-16;28.6;34.9;22.2;Summer
2022-07-23;32.1;39.0;25.3;Summer
2022-07-26;29.2;34.3;24.8;Summer
2022-07-27;26.7;32.6;21.2;Summer
2022-07-30;26.6;32.9;21.2;Summer
2022-07-31;28.2;35.0;19.8;Summer
2022-08-02;27.5;32.7;22.6;Summer
2022-08-05;30.7;37.8;22.1;Summer
2022-08-07;25.8;29.1;22.4;Summer
2022-08-09;26.5;31.3;21.6;Summer
2022-08-11;26.1;31.7;19.4;Summer
2022-08-13;23.5;29.8;17.4;Summer
2022-08-16;26.3;32.8;20.6;Summer
2022-08-19;21.6;25.3;18.0;Summer
2022-08-20;26.0;32.4;20.0;Summer
2022-08-22;25.4;32.1;19.4;Summer
2022-08-28;24.1;30.3;19.4;Summer
2022-08-29;25.9;32.5;19.5;Summer
2022-08-30;24.4;31.5;19.8;Summer
2022-09-01;21.7;25.2;19.2;Summer
2022-09-05;24.8;30.9;18.0;Summer
2022-09-07;26.1;30.9;21.8;Summer
2022-09-11;22.6;28.3;18.0;Summer
2022-09-22;15.3;21.9;8.9;Summer
2022-09-23;16.3;22.8;9.4;Fall
2022-09-24;16.8;21.8;12.4;Fall
2022-09-25;16.1;17.8;14.3;Fall
2022-09-28;18.6;23.7;14.7;Fall
2022-09-30;16.1;17.8;14.2;Fall
2022-10-02;19.6;26.0;14.2;Fall
2022-10-03;19.7;25.3;14.9;Fall
2022-10-06;19.2;24.9;13.9;Fall
2022-10-11;18.1;23.5;13.5;Fall
2022-10-16;19.9;25.1;15.2;Fall
2022-10-20;17.8;23.2;13.1;Fall
2022-10-26;19.2;25.2;14.5;Fall
2022-10-27;18.4;23.6;14.5;Fall
2022-11-02;15.5;19.4;12.6;Fall
2022-11-08;12.2;17.8;8.3;Fall
2022-11-12;11.8;14.5;9.1;Fall
2022-11-14;10.6;13.2;8.1;Fall
2022-11-20;9.6;13.8;5.8;Fall
2022-11-22;8.1;9.6;7.3;Fall
2022-11-23;9.5;14.2;6.8;Fall
2022-11-24;8.6;13.6;5.2;Fall
2022-11-26;8.6;12.2;6.5;Fall
2022-11-29;6.0;6.5;5.1;Fall
2022-12-09;5.2;5.7;4.4;Fall
2022-12-12;1.2;2.5;0.3;Fall
2022-12-13;1.0;1.9;0.0;Fall
2022-12-17;7.3;8.9;5.2;Fall
2022-12-18;5.3;8.5;1.2;Fall
2022-12-25;9.7;11.8;8.2;Winter
2022-12-26;9.1;10.9;7.2;Winter
2022-12-27;8.8;10.7;6.1;Winter
2022-12-28;9.0;10.7;7.7;Winter
2022-12-30;8.6;9.1;8.0;Winter
2023-01-01;8.7;10.7;6.2;Winter
2023-01-04;9.6;10.8;7.6;Winter
2023-01-05;8.4;11.9;4.9;Winter
2023-01-06;8.0;9.5;6.0;Winter
2023-01-08;9.2;12.4;7.1;Winter
2023-01-15;5.8;7.0;4.2;Winter
2023-01-16;6.3;8.4;4.8;Winter
2023-01-20;2.9;4.8;1.3;Winter
2023-01-21;4.0;5.5;2.5;Winter
2023-01-26;3.9;6.8;2.0;Winter
2023-01-30;3.9;8.3;-0.2;Winter
2023-01-31;6.0;10.9;0.7;Winter
2023-02-02;10.2;15.7;4.9;Winter
2023-02-06;3.3;6.9;-0.5;Winter
2023-02-10;2.1;7.7;-2.5;Winter
2023-02-11;3.9;9.9;-1.4;Winter
2023-02-21;10.0;14.0;6.7;Winter
2023-02-26;5.1;11.7;2.6;Winter
2023-02-27;4.7;6.6;3.2;Winter
2023-03-03;8.8;13.1;4.5;Winter
2023-03-06;10.2;14.9;5.8;Winter
2023-03-13;11.0;16.2;5.6;Winter
2023-03-14;14.5;18.0;10.9;Winter
2023-03-15;10.1;13.6;5.6;Winter
2023-03-25;17.0;23.0;11.4;Spring
2023-03-26;14.0;20.7;8.8;Spring
2023-03-28;11.1;16.9;5.0;Spring
2023-04-03;10.8;14.7;6.4;Spring
2023-04-09;11.5;15.9;6.9;Spring
2023-04-11;14.6;21.3;7.6;Spring
2023-04-12;14.2;19.0;9.2;Spring
2023-04-23;18.8;25.0;12.6;Spring
2023-04-24;16.5;22.1;12.6;Spring
2023-05-01;14.2;16.9;12.0;Spring
2023-05-03;14.5;19.1;11.6;Spring
2023-05-06;20.2;26.3;14.0;Spring
2023-05-07;20.4;26.2;14.3;Spring
2023-05-11;13.0;15.2;11.9;Spring
2023-05-12;13.6;18.9;10.4;Spring
2023-05-13;14.8;18.7;10.3;Spring
2023-05-19;14.3;15.8;12.9;Spring
2023-05-20;15.4;17.3;13.6;Spring
2023-05-22;21.0;26.7;14.6;Spring
2023-05-23;22.9;29.3;16.0;Spring
2023-05-26;22.5;28.6;15.9;Spring
2023-05-30;21.5;26.8;16.3;Spring
2023-05-31;20.8;25.7;15.9;Spring
2023-06-02;22.7;30.1;17.7;Spring
2023-06-06;20.5;26.2;16.5;Spring
2023-06-07;20.9;26.4;16.2;Spring
2023-06-11;23.1;28.7;17.4;Spring
2023-06-12;23.2;28.3;18.5;Spring
2023-06-16;23.6;29.8;17.1;Spring
2023-06-18;25.8;32.5;18.6;Spring
2023-06-27;27.8;34.5;21.0;Summer
2023-07-03;25.3;32.7;19.9;Summer
2023-07-04;24.6;30.7;19.2;Summer
2023-07-06;23.4;27.3;20.0;Summer
2023-07-07;24.9;30.8;18.8;Summer
2023-07-09;28.7;35.4;21.4;Summer
2023-07-12;29.8;34.9;25.4;Summer
2023-07-13;26.8;31.0;23.3;Summer
2023-07-15;28.7;35.7;21.8;Summer
2023-07-16;31.0;37.5;23.5;Summer
2023-07-17;31.4;37.7;24.5;Summer
2023-07-24;26.9;32.8;21.7;Summer
2023-07-25;25.7;31.7;20.6;Summer
2023-07-26;23.5;29.5;18.7;Summer
2023-07-27;23.0;29.0;16.4;Summer
2023-08-04;23.7;26.8;17.2;Summer
2023-08-06;23.8;30.1;16.6;Summer
2023-08-09;23.7;30.3;17.5;Summer
2023-08-14;27.1;33.8;21.1;Summer
2023-08-23;30.3;38.1;22.9;Summer
2023-08-28;23.6;28.8;17.9;Summer
2023-08-31;22.2;27.9;18.2;Summer
2023-09-05;22.7;26.7;18.1;Summer
2023-09-07;23.3;29.6;17.4;Summer
2023-09-08;23.7;30.2;17.7;Summer
2023-09-09;24.1;31.0;17.7;Summer
2023-09-14;23.9;29.2;20.1;Summer
2023-09-15;22.0;27.0;19.1;Summer
2023-09-24;18.5;23.4;14.4;Fall
2023-09-26;20.9;25.8;16.2;Fall
2023-09-27;21.5;27.4;16.8;Fall
2023-10-02;21.9;29.0;16.2;Fall
2023-10-04;21.5;26.3;17.6;Fall
2023-10-08;23.2;29.6;17.0;Fall
2023-10-10;22.8;28.1;17.8;Fall
2023-10-13;21.2;26.6;16.5;Fall
2023-10-17;14.9;18.9;12.2;Fall
2023-10-20;20.6;27.3;12.6;Fall
2023-10-21;18.8;24.6;15.5;Fall
2023-10-24;16.1;19.8;14.4;Fall
2023-10-25;16.2;21.6;12.7;Fall
2023-11-01;14.0;16.7;9.9;Fall
2023-11-02;16.5;21.4;12.2;Fall
2023-11-03;13.9;17.3;9.1;Fall
2023-11-04;12.8;16.3;7.5;Fall
2023-11-05;13.9;19.4;9.5;Fall
2023-11-09;11.7;17.1;6.5;Fall
2023-11-11;10.4;14.8;6.2;Fall
2023-11-14;10.4;14.4;7.5;Fall
2023-11-17;11.8;18.2;7.0;Fall
2023-11-22;10.0;13.8;7.1;Fall
2023-11-23;8.2;12.6;5.3;Fall
2023-11-24;7.4;12.7;4.3;Fall
2023-11-27;5.3;8.2;2.8;Fall
2023-12-05;2.0;3.6;0.2;Fall
2023-12-06;4.5;8.1;1.8;Fall
2023-12-16;5.6;9.7;2.6;Fall
2023-12-24;11.7;15.6;7.3;Winter
2023-12-25;9.3;14.7;5.0;Winter
2023-12-29;9.6;13.8;6.7;Winter
2023-12-30;8.8;10.1;7.8;Winter
2023-12-31;9.2;13.3;7.6;Winter
2024-01-10;2.6;3.7;1.0;Winter
2024-01-11;3.2;6.6;0.0;Winter
2024-01-13;3.2;7.1;-0.3;Winter
2024-01-14;0.9;4.0;-1.9;Winter
2024-01-15;3.7;8.7;-0.4;Winter
2024-01-17;3.8;4.6;3.1;Winter
2024-01-18;5.5;9.9;2.8;Winter
2024-01-22;3.0;7.7;-1.7;Winter
2024-01-26;5.4;8.8;1.8;Winter
2024-01-28;1.5;3.3;-0.6;Winter
2024-01-29;1.0;5.7;-3.0;Winter
2024-01-30;2.9;8.6;-2.4;Winter
2024-02-01;6.0;10.8;2.7;Winter
2024-02-05;9.5;14.8;3.8;Winter
2024-02-07;9.4;12.8;5.4;Winter
2024-02-09;13.7;16.2;8.6;Winter
2024-02-12;10.2;13.8;8.1;Winter
2024-02-13;9.7;14.3;6.3;Winter
2024-02-16;9.3;13.4;5.6;Winter
2024-02-20;10.9;16.3;6.2;Winter
2024-02-24;10.0;14.5;3.2;Winter
2024-02-25;10.1;14.2;7.2;Winter
2024-03-01;11.5;13.4;10.5;Winter
2024-03-02;11.4;14.1;9.7;Winter
2024-03-03;11.9;15.4;8.4;Winter
2024-03-04;9.6;11.1;7.7;Winter
2024-03-08;8.8;13.9;4.8;Winter
2024-03-09;9.3;11.8;7.5;Winter
2024-03-16;14.4;19.1;10.8;Winter
2024-03-18;13.9;17.0;11.5;Winter
2024-03-23;16.1;22.3;9.5;Spring
2024-03-27;10.9;14.9;7.6;Spring
2024-03-31;17.2;22.8;11.3;Spring
2024-04-03;14.8;20.1;10.9;Spring
2024-04-05;16.1;21.7;10.3;Spring
2024-04-07;18.1;25.2;10.5;Spring
2024-04-10;13.2;16.1;11.7;Spring
2024-04-11;16.1;20.8;11.1;Spring
2024-04-17;12.2;18.2;7.9;Spring
2024-04-22;7.3;9.4;5.0;Spring
2024-04-24;8.6;13.4;5.7;Spring
2024-04-26;11.8;17.0;4.8;Spring
2024-05-02;15.0;18.9;10.1;Spring
2024-05-05;18.9;24.8;12.9;Spring
2024-05-07;14.7;17.9;12.1;Spring
2024-05-11;19.5;26.1;10.8;Spring
2024-05-13;19.4;25.2;14.2;Spring
2024-05-16;16.7;21.2;12.9;Spring
2024-05-19;19.7;25.4;14.1;Spring
2024-05-20;18.8;23.4;15.2;Spring
2024-05-21;18.7;24.8;15.6;Spring
2024-05-22;18.4;24.9;14.6;Spring
2024-06-02;19.2;25.0;14.9;Spring
2024-06-03;19.1;24.4;13.9;Spring
2024-06-06;23.8;30.2;17.4;Spring
2024-06-07;25.1;31.4;18.6;Spring
2024-06-08;25.6;31.0;20.8;Spring
2024-06-09;24.0;27.4;21.3;Spring
2024-06-16;24.0;30.0;17.9;Spring
2024-06-20;26.9;31.1;22.6;Spring
2024-06-21;26.6;31.5;21.1;Summer
2024-06-22;24.7;30.9;18.6;Summer
2024-06-23;19.7;22.0;17.9;Summer
2024-06-28;27.5;34.3;21.4;Summer
2024-06-29;27.5;33.5;21.4;Summer
2024-06-30;27.4;32.0;22.8;Summer
2024-07-02;23.5;29.3;17.1;Summer
2024-07-03;20.0;22.5;17.3;Summer
2024-07-07;26.1;31.2;21.4;Summer
2024-07-10;29.9;36.0;23.3;Summer
2024-07-14;28.0;34.4;21.1;Summer
2024-07-15;29.0;35.7;21.6;Summer
2024-07-16;29.7;36.9;22.4;Summer
2024-07-20;26.4;32.2;19.7;Summer
2024-07-23;27.6;33.4;21.3;Summer
2024-07-24;27.9;33.1;22.5;Summer
2024-07-25;26.6;32.4;21.4;Summer
2024-07-27;28.7;35.0;21.9;Summer
2024-08-02;27.6;34.1;21.2;Summer
2024-08-04;27.3;33.7;20.7;Summer
2024-08-05;28.0;34.0;21.1;Summer
2024-08-11;30.0;36.1;23.9;Summer
2024-08-15;26.7;31.4;22.2;Summer
2024-08-16;26.7;33.5;22.1;Summer
2024-08-20;23.7;28.5;20.5;Summer
2024-08-22;26.3;31.5;20.2;Summer
2024-08-25;27.8;34.7;20.9;Summer
2024-08-27;24.4;31.0;20.0;Summer
2024-09-01;27.3;34.3;21.2;Summer
2024-09-05;22.1;26.1;18.9;Summer
2024-09-06;22.4;27.4;17.7;Summer
2024-09-08;21.8;25.2;20.1;Summer
2024-09-18;13.9;15.2;12.5;Summer
2024-09-20;18.5;22.7;15.6;Summer
2024-09-22;18.9;23.9;14.6;Summer
2024-09-23;19.3;23.0;16.6;Fall
2024-09-26;23.4;27.3;18.3;Fall
2024-09-28;20.1;25.0;14.7;Fall
2024-10-10;20.6;24.7;16.7;Fall
2024-10-13;17.7;22.2;13.8;Fall
2024-10-14;17.7;22.7;14.2;Fall
2024-10-15;17.9;21.5;13.8;Fall
2024-10-20;17.0;19.3;15.0;Fall
2024-10-23;16.4;17.4;15.6;Fall
2024-10-26;17.8;20.2;15.9;Fall
2024-10-30;16.2;21.2;12.9;Fall
2024-11-03;12.0;15.3;9.4;Fall
2024-11-07;8.4;13.0;4.6;Fall
2024-11-15;6.6;13.0;2.1;Fall
2024-11-17;5.5;10.4;1.7;Fall
2024-11-20;8.6;13.0;5.2;Fall
2024-11-21;6.7;12.0;1.4;Fall
2024-11-25;7.3;9.2;4.6;Fall
2024-11-28;10.1;13.8;8.3;Fall
2024-11-30;7.0;10.9;4.5;Fall
2024-12-01;5.9;10.2;1.7;Fall
2024-12-03;5.4;7.6;2.0;Fall
2024-12-04;6.4;7.5;5.5;Fall
2024-12-09;5.5;6.3;5.0;Fall
2024-12-10;5.5;6.4;4.7;Fall
2024-12-13;3.2;4.4;1.6;Fall
2024-12-15;2.3;5.6;-0.1;Fall
2024-12-16;5.2;11.9;-0.6;Fall
2024-12-19;4.2;6.3;1.6;Fall
2024-12-20;6.4;7.8;4.1;Fall
2024-12-24;6.8;10.6;4.2;Winter
2024-12-29;7.1;12.7;3.6;Winter
2024-12-30;6.7;12.2;3.3;Winter
2025-01-03;4.6;6.9;2.4;Winter
2025-01-05;3.9;5.1;1.9;Winter
2025-01-06;4.5;5.4;3.5;Winter
2025-01-07;4.8;6.2;3.4;Winter
2025-01-08;3.7;4.6;2.4;Winter
2025-01-10;7.8;10.0;5.3;Winter
2025-01-12;2.5;6.5;-1.0;Winter
2025-01-16;3.7;7.4;1.3;Winter
2025-01-19;5.9;7.4;4.3;Winter
2025-01-21;6.6;9.3;4.0;Winter
2025-01-22;5.4;6.0;4.0;Winter
2025-01-23;6.3;7.0;5.5;Winter
2025-01-27;13.6;16.8;5.8;Winter
2025-01-29;10.8;14.9;6.0;Winter
2025-01-31;6.7;8.9;4.3;Winter
2025-02-03;7.7;11.6;4.4;Winter
2025-02-04;5.9;10.9;2.1;Winter
2025-02-06;5.0;10.0;1.2;Winter
2025-02-09;5.7;6.9;4.1;Winter
2025-02-14;6.5;9.3;3.8;Winter
2025-02-18;3.7;6.4;0.3;Winter
2025-02-19;3.8;6.1;1.8;Winter
2025-02-20;4.4;8.6;0.8;Winter
2025-02-22;8.8;12.3;5.3;Winter
2025-02-28;8.5;11.1;5.2;Winter
2025-03-01;8.1;9.6;6.7;Winter
2025-03-04;9.1;15.4;2.5;Winter
2025-03-07;9.8;16.1;4.3;Winter
2025-03-08;10.8;17.1;5.5;Winter
2025-03-09;11.8;15.6;8.2;Winter
2025-03-12;12.2;16.4;9.9;Winter
2025-03-13;12.7;16.7;8.2;Winter
2025-03-14;11.6;13.7;10.2;Winter
2025-03-15;12.9;17.2;10.4;Winter
2025-03-21;9.7;12.8;5.2;Spring
2025-03-26;12.7;17.0;8.6;Spring
2025-03-27;12.5;15.0;10.8;Spring
2025-03-28;12.4;15.1;10.3;Spring
2025-03-29;11.6;14.1;10.1;Spring
2025-04-14;13.0;14.2;11.1;Spring
2025-04-19;15.7;21.0;10.0;Spring
2025-04-22;18.1;23.3;12.0;Spring
2025-04-26;16.0;20.2;11.2;Spring
2025-04-29;18.6;24.9;11.7;Spring
2025-05-02;22.6;29.8;14.6;Spring
2025-05-03;21.9;27.7;16.6;Spring
2025-05-05;19.2;22.6;15.8;Spring
2025-05-13;17.2;22.0;13.4;Spring
2025-05-15;19.4;26.3;11.9;Spring
2025-05-23;14.7;18.2;11.3;Spring
2025-05-24;16.2;21.9;9.6;Spring
2025-05-30;22.3;29.3;15.2;Spring
2025-06-01;25.2;31.6;18.1;Spring
2025-06-04;25.5;29.9;19.3;Spring
2025-06-08;25.9;31.4;20.5;Spring
2025-06-10;24.1;30.5;17.1;Spring
2025-06-11;26.6;32.6;19.9;Spring
2025-06-13;27.7;34.0;21.0;Spring
2025-06-14;28.3;35.6;20.9;Spring
2025-06-15;29.5;36.3;22.4;Spring
2025-06-28;29.4;35.2;22.3;Summer
2025-06-30;30.0;35.8;22.9;Summer
2025-07-02;28.4;35.2;23.5;Summer
2025-07-03;29.0;36.3;23.5;Summer
2025-07-04;30.2;36.4;23.9;Summer
2025-07-05;25.9;32.0;21.9;Summer
2025-07-06;26.2;30.8;21.0;Summer
2025-07-08;20.3;28.9;14.5;Summer
2025-07-09;21.3;28.3;13.6;Summer
2025-07-13;24.7;29.1;20.5;Summer
2025-07-14;26.4;32.3;19.7;Summer
2025-07-15;28.7;34.9;22.5;Summer
2025-07-16;27.0;31.9;22.2;Summer
2025-07-18;26.0;32.4;18.4;Summer
2025-07-21;29.2;34.0;24.0;Summer
2025-07-22;27.9;34.2;23.2;Summer
2025-07-28;19.0;23.4;17.3;Summer
2025-07-31;24.2;30.9;16.8;Summer
2025-08-09;29.4;35.7;22.8;Summer
2025-08-12;28.6;34.6;22.4;Summer
2025-08-16;29.5;35.8;23.4;Summer
2025-08-23;22.5;28.9;17.4;Summer
2025-08-28;24.7;32.6;18.5;Summer
2025-08-29;23.5;30.6;17.4;Summer
2025-09-02;20.6;24.0;17.8;Summer
2025-09-03;22.6;27.6;17.5;Summer
2025-09-04;23.9;30.2;17.8;Summer
2025-09-10;21.3;24.1;19.3;Summer
2025-09-18;22.3;28.7;16.1;Summer
2025-09-20;24.2;31.2;18.4;Summer
2025-09-24;19.5;24.8;15.0;Fall
2025-09-29;17.8;24.2;11.9;Fall
2025-09-30;17.1;22.8;11.8;Fall
2025-10-01;14.1;18.0;10.6;Fall
2025-10-02;13.0;18.0;9.2;Fall
2025-10-06;13.7;20.0;7.9;Fall
2025-10-07;15.0;21.8;9.6;Fall
2025-10-08;15.4;21.9;9.1;Fall
2025-10-11;17.2;23.6;11.7;Fall
2025-10-12;16.7;22.4;11.4;Fall
2025-10-15;14.7;20.6;10.7;Fall
2025-10-18;13.5;19.6;8.3;Fall
2025-10-20;13.7;17.2;10.5;Fall
2025-10-22;13.4;14.4;11.5;Fall
2025-10-23;15.0;17.8;13.1;Fall
2025-10-24;16.1;20.8;10.9;Fall
2025-10-27;12.1;17.3;6.8;Fall
2025-10-28;12.5;18.2;7.4;Fall
2025-10-29;14.9;19.8;8.5;Fall
2025-11-03;13.6;18.8;9.5;Fall
2025-11-13;12.4;18.1;8.2;Fall
2025-11-16;11.8;13.0;10.9;Fall
2025-11-21;5.9;7.6;4.2;Fall
2025-11-23;4.5;7.7;1.8;Fall
2025-11-25;4.5;6.7;2.3;Fall
2025-11-29;4.3;9.7;1.0;Fall
2025-12-02;7.5;8.7;5.8;Fall
2025-12-08;8.0;13.2;4.6;Fall
2025-12-13;8.1;13.4;5.1;Fall
2025-12-14;6.6;12.1;3.6;Fall
2025-12-15;5.2;8.7;2.4;Fall
2025-12-20;9.1;9.8;8.0;Fall
2025-12-21;8.5;9.4;7.5;Winter
2025-12-23;7.3;7.8;6.7;Winter
2025-12-28;4.8;10.1;0.9;Winter
2025-12-31;2.8;6.5;0.1;Winter
2026-01-01;2.0;6.4;-1.0;Winter
2026-01-02;2.1;5.3;-0.3;Winter
2026-01-05;2.6;3.6;1.5;Winter
2026-01-07;0.1;3.0;-3.3;Winter
2026-01-16;6.5;7.7;5.4;Winter
2026-01-17;6.8;7.6;5.7;Winter
2026-01-18;6.6;7.7;4.9;Winter
2026-01-20;2.0;3.2;0.6;Winter
2026-01-22;4.0;6.4;1.8;Winter
2026-01-25;4.9;5.3;3.7;Winter
2026-01-31;4.8;5.8;4.0;Winter
2026-02-02;4.8;8.0;0.4;Winter
2026-02-03;5.2;5.9;4.6;Winter
2026-02-04;4.3;5.6;3.6;Winter
2026-02-06;8.4;10.3;5.8;Winter
2026-02-08;9.2;11.2;8.1;Winter
2026-02-09;8.3;9.2;7.4;Winter
2026-02-11;8.9;11.7;6.2;Winter
2026-02-13;9.9;14.7;4.7;Winter
2026-02-16;8.2;11.9;4.4;Winter
2026-02-17;10.3;14.9;5.0;Winter
2026-02-18;9.5;14.5;3.1;Winter
2026-02-20;8.5;12.6;5.3;Winter
2026-02-21;8.7;15.4;3.6;Winter
2026-02-22;8.7;14.2;4.0;Winter
2026-02-24;11.0;14.4;7.5;Winter
2026-02-27;11.3;17.0;5.5;Winter
2026-03-01;10.7;13.6;7.3;Winter
2026-03-05;9.5;10.7;7.1;Winter
2026-03-16;13.2;19.0;8.4;Winter
2026-03-18;8.5;11.8;4.7;Winter
2026-03-19;10.7;16.3;5.5;Winter
2026-03-21;10.3;15.5;4.7;Spring
2026-03-23;10.9;15.6;6.6;Spring
2026-03-27;9.3;12.8;6.2;Spring
2018-11-06;15.5;18.2;13.3;Fall
2018-11-07;14.8;17.4;12.4;Fall
2018-11-16;9.2;12.5;6.7;Fall
2018-11-17;7.9;11.4;5.2;Fall
2018-11-19;5.3;6.7;3.7;Fall
2018-11-21;7.9;10.4;5.2;Fall
2018-11-23;8.2;9.6;6.2;Fall
2018-11-25;8.9;9.6;8.3;Fall
2018-11-27;9.7;12.0;7.7;Fall
2018-11-28;7.5;11.6;2.9;Fall
2018-11-29;4.4;8.4;1.2;Fall
2018-11-30;2.9;5.4;-0.1;Fall
2018-12-03;7.2;10.3;4.0;Fall
2018-12-05;6.7;11.4;2.9;Fall
2018-12-06;7.3;8.8;6.2;Fall
2018-12-09;7.5;12.3;2.2;Fall
2018-12-11;6.6;12.0;1.6;Fall
2018-12-12;3.3;8.2;-0.2;Fall
2018-12-16;0.3;2.2;-2.1;Fall
2018-12-17;1.3;3.8;-0.4;Fall
2018-12-19;-0.4;1.9;-4.2;Fall
2019-01-06;4.9;11.6;-0.5;Winter
2019-01-10;3.8;8.2;-1.1;Winter
2019-01-12;2.7;8.0;-1.4;Winter
2019-01-13;4.1;10.2;-1.0;Winter
2019-01-14;7.6;14.7;0.1;Winter
2019-01-16;7.9;13.9;2.8;Winter
2019-01-19;3.6;5.2;2.0;Winter
2019-01-20;3.4;5.0;2.1;Winter
2019-01-25;2.1;5.9;-0.6;Winter
2019-01-29;4.3;9.0;0.6;Winter
2019-02-09;6.8;12.0;1.3;Winter
2019-02-11;8.5;12.5;3.5;Winter
2019-02-19;8.9;14.3;1.7;Winter
2019-02-22;10.8;17.3;5.3;Winter
2019-02-24;4.0;9.4;-1.5;Winter
2019-03-02;11.5;18.1;5.3;Winter
2019-03-08;14.3;20.3;9.4;Winter
2019-03-12;9.7;15.4;4.8;Winter
2019-03-14;9.6;16.1;2.0;Winter
2019-03-15;13.6;21.0;6.6;Winter
2019-03-16;15.2;23.4;7.7;Winter
2019-03-17;13.2;20.2;6.6;Winter
2019-03-18;9.5;13.7;6.3;Winter
2019-03-19;7.6;10.8;4.6;Winter
2019-03-21;8.6;14.7;2.8;Spring
2019-03-22;11.4;17.7;5.0;Spring
2019-03-23;14.0;21.3;6.8;Spring
2019-03-24;16.1;23.6;7.9;Spring
2019-03-27;8.5;13.8;3.3;Spring
2019-03-29;11.0;17.0;5.5;Spring
2019-04-05;11.9;16.1;8.4;Spring
2019-04-07;12.1;17.0;8.4;Spring
2019-04-09;14.3;19.7;10.6;Spring
2019-04-12;11.3;14.2;8.7;Spring
2019-04-19;14.4;20.9;7.5;Spring
2019-04-22;14.3;17.6;11.5;Spring
2019-04-23;14.8;16.7;12.8;Spring
2019-04-26;17.4;23.2;13.1;Spring
2019-04-27;16.5;23.0;10.2;Spring
2019-04-28;11.9;15.1;8.3;Spring
2019-04-30;15.6;21.1;9.7;Spring
2019-05-16;13.4;18.2;7.5;Spring
2019-05-20;15.8;20.7;12.6;Spring
2019-05-25;19.5;25.5;14.7;Spring
2019-05-29;13.4;14.4;12.7;Spring
2019-06-01;21.3;27.9;13.2;Spring
2019-06-03;24.7;31.2;17.8;Spring
2019-06-06;22.8;27.9;16.4;Spring
2019-06-07;22.2;28.2;15.8;Spring
2019-06-10;24.4;29.8;19.8;Spring
2019-06-13;24.3;31.3;17.4;Spring
2019-06-18;25.7;31.9;18.2;Spring
2019-06-25;27.8;33.7;20.8;Summer
2019-06-27;31.6;39.0;23.8;Summer
2019-06-29;27.1;31.3;21.4;Summer
2019-07-02;29.3;35.5;23.0;Summer
2019-07-04;25.7;31.3;18.7;Summer
2019-07-09;23.4;30.5;20.4;Summer
2019-07-11;22.9;27.8;16.9;Summer
2019-07-12;24.6;30.7;18.1;Summer
2019-07-14;23.0;28.9;16.4;Summer
2019-07-15;19.0;21.4;17.2;Summer
2019-07-18;23.3;27.0;19.6;Summer
2019-07-19;25.5;32.3;19.0;Summer
2019-07-25;30.2;37.7;23.4;Summer
2019-07-26;30.6;37.8;24.2;Summer
2019-07-27;24.1;32.2;18.8;Summer
2019-07-30;27.9;34.8;21.6;Summer
2019-07-31;27.2;33.2;22.5;Summer
2019-08-03;24.6;30.8;17.4;Summer
2019-08-06;27.9;33.6;22.4;Summer
2019-08-08;26.4;31.8;21.0;Summer
2019-08-09;28.2;33.8;21.8;Summer
2019-08-10;29.7;36.7;23.0;Summer
2019-08-16;23.1;28.7;17.2;Summer
2019-08-17;24.5;31.3;17.5;Summer
2019-08-22;24.2;27.8;21.2;Summer
2019-08-23;23.1;27.6;20.3;Summer
2019-08-28;24.3;31.5;20.4;Summer
2019-08-31;25.6;32.6;21.0;Summer
2019-09-03;22.4;27.2;17.6;Summer
2019-09-07;19.5;24.3;15.2;Summer
2019-09-14;22.4;29.4;16.1;Summer
2019-09-17;25.3;31.6;20.3;Summer
2019-09-21;16.5;22.3;10.1;Summer
2019-09-25;19.8;24.3;16.3;Fall
2019-10-01;21.4;26.7;17.0;Fall
2019-10-06;15.8;20.7;11.2;Fall
2019-10-12;15.9;19.9;11.9;Fall
2019-10-13;16.8;21.5;13.0;Fall
2019-10-21;20.6;26.8;15.8;Fall
2019-10-22;18.7;21.9;16.1;Fall
2019-10-27;17.0;22.8;12.8;Fall
2019-10-28;15.2;18.6;12.4;Fall
2019-11-07;11.1;14.9;6.4;Fall
2019-11-10;9.2;13.3;5.8;Fall
2019-11-13;9.1;12.0;5.3;Fall
2019-11-18;8.1;12.1;4.9;Fall
2019-11-21;9.6;11.9;7.7;Fall
2019-11-22;9.8;12.6;6.4;Fall
2019-11-23;12.0;13.3;9.6;Fall
2019-11-24;13.6;16.0;11.5;Fall
2019-11-27;11.3;15.9;8.3;Fall
2019-11-28;9.3;10.8;8.4;Fall
2019-11-29;8.4;10.8;6.5;Fall
2019-11-30;6.0;7.7;4.2;Fall
2019-12-02;7.1;8.2;6.3;Fall
2019-12-05;4.2;7.4;2.4;Fall
2019-12-07;6.5;10.5;3.6;Fall
2019-12-11;3.8;9.0;0.9;Fall
2019-12-13;1.0;2.2;-0.5;Fall
2019-12-16;7.0;9.5;5.5;Fall
2019-12-23;11.5;15.1;7.0;Winter
2019-12-24;11.0;14.0;6.0;Winter
2019-12-26;6.8;12.1;2.8;Winter
2019-12-27;5.4;8.5;3.2;Winter
2019-12-29;2.3;3.9;0.2;Winter
2019-12-31;3.9;9.0;0.3;Winter
2020-01-05;6.3;11.0;1.8;Winter
2020-01-06;3.1;7.3;-0.2;Winter
2020-01-08;1.7;7.0;-1.8;Winter
2020-01-09;3.7;9.5;-1.4;Winter
2020-01-21;4.2;8.2;1.3;Winter
2020-01-23;4.4;9.0;0.9;Winter
2020-01-28;8.1;12.5;3.5;Winter
2020-01-30;8.5;12.1;5.0;Winter
2020-02-01;9.6;12.7;7.3;Winter
2020-02-06;6.4;12.2;1.7;Winter
2020-02-10;9.4;13.7;5.5;Winter
2020-02-16;8.7;13.9;3.9;Winter
2020-02-17;11.9;17.8;6.4;Winter
2020-02-20;8.6;14.5;3.7;Winter
2020-02-27;9.8;14.6;4.7;Winter
2020-02-29;10.4;15.1;4.9;Winter
2020-03-05;8.3;12.9;3.3;Winter
2020-03-07;9.1;12.4;6.1;Winter
2020-03-10;10.7;15.5;6.3;Winter
2020-03-14;11.2;14.4;7.3;Winter
2020-03-18;12.4;19.1;5.3;Winter
2020-03-19;14.6;21.5;8.3;Winter
2020-03-21;13.3;19.0;7.6;Spring
2020-03-22;10.8;13.7;7.3;Spring
2020-03-23;5.3;8.0;1.3;Spring
2020-03-25;5.5;7.2;4.0;Spring
2020-03-27;7.2;9.6;4.0;Spring
2020-03-28;12.1;17.4;8.0;Spring
2020-03-29;13.4;19.6;6.5;Spring
2020-03-30;10.0;14.6;4.4;Spring
2020-03-31;6.4;10.0;2.9;Spring
2020-04-02;7.8;13.9;0.6;Spring
2020-04-06;14.0;20.5;7.5;Spring
2020-04-07;14.1;20.8;8.0;Spring
2020-04-16;13.7;20.7;5.2;Spring
2020-04-17;16.5;22.6;10.4;Spring
2020-04-20;13.2;15.4;11.0;Spring
2020-04-21;12.1;13.8;10.6;Spring
2020-04-25;19.0;25.3;12.8;Spring
2020-04-26;18.4;23.6;12.8;Spring
2020-04-27;18.9;24.7;12.8;Spring
2020-04-28;16.6;20.9;13.8;Spring
2020-05-01;18.3;23.7;12.4;Spring
2020-05-02;19.7;25.7;14.2;Spring
2020-05-06;16.2;19.4;11.9;Spring
2020-05-07;16.9;23.8;9.0;Spring
2020-05-08;19.7;26.9;11.2;Spring
2020-05-09;21.5;28.2;14.7;Spring
2020-05-12;19.4;25.0;12.4;Spring
2020-05-14;19.1;23.3;14.4;Spring
2020-05-15;20.4;25.0;15.1;Spring
2020-05-21;20.3;26.1;13.5;Spring
2020-05-26;19.5;23.8;14.2;Spring
2020-05-27;18.6;24.3;11.7;Spring
2020-05-29;15.0;18.8;11.3;Spring
2020-05-30;17.2;22.5;10.6;Spring
2020-05-31;18.1;23.6;13.4;Spring
2020-06-01;20.2;25.6;13.0;Spring
2020-06-02;22.5;29.2;15.5;Spring
2020-06-05;20.4;26.0;15.3;Spring
2020-06-06;22.3;28.3;16.5;Spring
2020-06-09;18.0;24.8;13.7;Spring
2020-06-10;17.8;24.2;13.2;Spring
2020-06-12;21.1;27.6;13.6;Spring
2020-06-13;21.5;29.4;14.8;Spring
2020-06-17;21.2;25.2;18.3;Spring
2020-06-23;26.6;33.0;19.5;Summer
2020-06-25;24.1;31.0;18.4;Summer
2020-06-27;26.9;33.7;19.5;Summer
2020-06-29;28.1;33.8;22.4;Summer
2020-07-03;24.2;29.1;19.4;Summer
2020-07-06;27.8;33.6;20.0;Summer
2020-07-13;21.7;26.7;16.1;Summer
2020-07-14;21.9;27.3;15.2;Summer
2020-07-16;24.4;30.3;17.9;Summer
2020-07-17;22.3;26.5;18.9;Summer
2020-07-20;26.3;33.5;19.4;Summer
2020-07-27;26.4;32.3;20.1;Summer
2020-07-28;28.3;34.1;22.0;Summer
2020-07-29;28.9;34.2;23.3;Summer
2020-07-30;29.7;36.1;23.5;Summer
2020-08-01;30.5;37.7;23.2;Summer
2020-08-02;25.9;30.8;20.3;Summer
2020-08-04;19.9;24.4;17.2;Summer
2020-08-08;27.3;33.0;21.7;Summer
2020-08-14;26.5;32.6;21.9;Summer
2020-08-20;26.7;33.5;20.3;Summer
2020-08-22;28.9;36.3;22.1;Summer
2020-08-29;26.4;34.0;20.9;Summer
2020-08-30;24.7;30.3;20.2;Summer
2020-08-31;19.0;22.1;15.9;Summer
2020-09-03;20.8;27.0;15.2;Summer
2020-09-10;24.6;30.1;18.8;Summer
2020-09-11;24.4;29.8;20.1;Summer
2020-09-12;24.2;30.0;19.0;Summer
2020-09-13;24.6;31.3;19.0;Summer
2020-09-14;24.3;30.3;19.2;Summer
2020-09-19;21.2;26.5;16.4;Summer
2020-09-20;20.5;25.5;16.2;Summer
2020-09-22;19.4;24.7;16.6;Summer
2020-09-28;14.7;20.4;10.1;Fall
2020-09-30;17.8;23.3;12.2;Fall
2020-10-03;19.0;22.0;15.8;Fall
2020-10-08;15.9;22.2;10.3;Fall
2020-10-09;16.3;21.5;11.5;Fall
2020-10-14;12.4;15.7;8.6;Fall
2020-10-17;12.3;17.4;7.5;Fall
2020-10-19;12.5;17.5;8.8;Fall
2020-10-20;13.0;18.5;8.3;Fall
2020-10-21;13.5;19.5;8.8;Fall
2020-10-23;13.2;15.8;11.5;Fall
2020-10-24;14.1;16.1;12.4;Fall
2020-10-26;17.5;20.6;14.0;Fall
2020-10-28;12.1;17.3;7.4;Fall
2020-11-01;13.4;17.4;9.2;Fall
2020-11-04;14.6;15.6;13.5;Fall
2020-11-08;12.2;16.9;8.4;Fall
2020-11-13;12.0;13.1;11.3;Fall
2020-11-14;11.6;12.2;10.9;Fall
2020-11-15;12.1;13.1;11.1;Fall
2020-11-22;4.7;9.7;1.2;Fall
2020-11-28;5.8;6.6;4.5;Fall
2020-11-29;6.5;7.8;4.0;Fall
2020-11-30;5.1;8.7;1.4;Fall
2020-12-02;1.3;4.5;0.3;Fall
2020-12-06;5.6;10.5;2.9;Fall
2020-12-09;5.8;6.7;4.8;Fall
2020-12-13;5.7;9.9;3.0;Fall
2020-12-18;8.8;10.0;7.8;Fall
2020-12-21;8.1;9.2;7.0;Winter
2020-12-22;9.4;12.6;7.1;Winter
2020-12-28;3.5;9.2;0.5;Winter
2020-12-30;3.1;4.2;1.4;Winter
2021-01-01;3.6;5.4;2.3;Winter
2021-01-02;5.1;8.1;2.3;Winter
2021-01-06;3.6;7.2;2.2;Winter
2021-01-08;3.7;6.4;1.8;Winter
2021-01-10;1.5;2.6;0.2;Winter
2021-01-18;1.5;5.2;-1.4;Winter
2021-01-19;-0.8;2.7;-3.3;Winter
2021-01-21;2.1;4.2;0.7;Winter
2021-01-25;3.7;6.8;0.4;Winter
2021-01-28;3.8;7.4;0.3;Winter
2021-02-01;5.0;6.5;2.7;Winter
2021-02-02;5.8;10.4;2.2;Winter
2021-02-09;9.3;11.8;7.3;Winter
2021-02-10;10.0;14.1;7.6;Winter
2021-02-14;0.4;6.0;-3.8;Winter
2021-02-16;5.9;11.2;1.4;Winter
2021-02-17;7.2;12.8;1.9;Winter
2021-02-19;10.3;15.9;6.1;Winter
2021-02-20;9.9;15.1;5.1;Winter
2021-02-22;9.0;13.8;4.3;Winter
2021-02-23;10.3;16.7;5.2;Winter
2021-03-03;10.5;17.9;3.7;Winter
2021-03-09;7.9;11.9;4.3;Winter
2021-03-15;9.2;16.0;3.2;Winter
2021-03-22;8.6;14.1;1.8;Spring
2021-03-23;9.1;13.9;4.7;Spring
2021-03-25;11.7;18.7;4.6;Spring
2021-03-26;12.8;19.1;6.6;Spring
2021-03-27;13.6;18.1;8.8;Spring
2021-03-28;14.3;20.3;9.3;Spring
2021-04-02;19.2;26.3;13.5;Spring
2021-04-05;10.8;17.9;2.4;Spring
2021-04-11;10.9;14.6;9.6;Spring
2021-04-12;12.0;17.1;9.8;Spring
2021-04-13;6.8;9.5;5.2;Spring
2021-04-17;8.7;14.2;2.9;Spring
2021-04-24;15.2;21.8;8.1;Spring
2021-04-25;17.1;24.2;8.9;Spring
2021-04-26;13.8;17.2;10.8;Spring
2021-04-27;11.9;13.8;10.2;Spring
2021-04-28;13.7;16.6;10.9;Spring
2021-04-29;15.6;20.8;11.5;Spring
2021-04-30;18.3;24.1;12.0;Spring
2021-05-01;16.6;21.1;12.8;Spring
2021-05-03;14.5;19.6;9.5;Spring
2021-05-04;16.1;22.9;8.6;Spring
2021-05-05;17.7;22.8;11.5;Spring
2021-05-06;17.7;23.8;13.3;Spring
2021-05-08;15.8;20.6;12.3;Spring
2021-05-09;17.0;23.1;10.5;Spring
2021-05-14;15.5;21.0;10.6;Spring
2021-05-15;16.2;21.7;10.3;Spring
2021-05-17;18.5;23.3;14.7;Spring
2021-05-19;15.7;21.3;11.2;Spring
2021-05-23;20.9;26.2;14.6;Spring
2021-05-29;20.1;25.4;13.5;Spring
2021-06-01;19.2;26.1;11.4;Spring
2021-06-04;24.7;31.4;17.4;Spring
2021-06-07;20.3;26.6;17.0;Spring
2021-06-09;23.2;29.1;17.1;Spring
2021-06-13;26.6;33.3;20.8;Spring
2021-06-17;26.5;32.8;19.2;Spring
2021-06-19;27.6;33.4;22.1;Spring
2021-06-20;28.4;34.2;23.1;Spring
2021-06-27;26.9;33.4;19.6;Summer
2021-07-01;25.7;31.9;20.1;Summer
2021-07-10;26.5;32.7;19.1;Summer
2021-07-20;28.8;35.3;21.9;Summer
2021-07-21;27.3;33.4;21.1;Summer
2021-07-24;29.2;35.5;22.1;Summer
2021-07-28;26.8;34.1;19.6;Summer
2021-08-02;23.9;30.1;19.7;Summer
2021-08-04;25.2;29.4;21.1;Summer
2021-08-05;24.6;31.5;20.0;Summer
2021-08-12;29.0;36.0;20.5;Summer
2021-08-17;25.6;30.8;20.7;Summer
2021-08-19;24.6;31.0;16.6;Summer
2021-08-26;23.6;30.9;15.4;Summer
2021-08-27;19.5;22.5;16.3;Summer
2021-08-28;19.2;25.3;14.8;Summer
2021-09-02;21.5;27.9;14.7;Summer
2021-09-03;21.6;28.0;14.3;Summer
2021-09-04;21.3;26.3;15.6;Summer
2021-09-05;22.2;29.2;15.5;Summer
2021-09-07;22.1;29.1;15.2;Summer
2021-09-08;21.7;28.9;14.7;Summer
2021-09-09;22.1;29.2;14.7;Summer
2021-09-10;22.6;29.5;15.8;Summer
2021-09-14;24.9;31.2;18.6;Summer
2021-09-16;22.6;25.3;20.0;Summer
2021-09-19;20.9;26.6;16.8;Summer
2021-09-20;19.9;26.1;14.6;Summer
2021-09-23;18.0;23.9;11.9;Fall
2021-09-28;20.3;25.7;15.7;Fall
2021-10-02;17.7;22.9;12.8;Fall
2021-10-07;13.8;16.1;11.9;Fall
2021-10-09;13.4;17.3;9.7;Fall
2021-10-17;13.3;20.1;8.4;Fall
2021-10-18;13.6;20.7;8.4;Fall
2021-10-23;14.3;18.2;11.5;Fall
2021-10-26;12.2;14.0;10.7;Fall
2021-10-28;11.8;17.9;7.5;Fall
2021-10-29;10.8;16.3;6.6;Fall
2021-10-30;11.6;15.6;6.9;Fall
2021-11-04;13.5;18.2;8.7;Fall
2021-11-07;10.8;13.3;8.7;Fall
2021-11-13;10.4;12.4;7.7;Fall
2021-11-14;12.3;13.3;11.0;Fall
2021-11-19;10.3;13.2;9.0;Fall
2021-11-21;6.4;7.6;4.8;Fall
2021-11-25;5.1;6.3;4.3;Fall
2021-11-29;4.7;7.9;1.5;Fall
2021-11-30;6.6;11.8;2.4;Fall
2021-12-01;6.6;10.7;3.1;Fall
2021-12-02;5.5;6.2;4.2;Fall
2021-12-04;4.0;6.9;1.1;Fall
2021-12-06;4.2;8.3;0.6;Fall
2021-12-12;5.8;10.6;2.0;Fall
2021-12-13;5.4;10.6;2.1;Fall
2021-12-20;3.2;6.5;0.5;Fall
2021-12-23;3.3;4.9;1.4;Winter
2021-12-24;4.3;6.4;2.3;Winter
2021-12-27;6.9;7.9;5.8;Winter
2021-12-29;5.7;7.9;3.6;Winter
2021-12-31;4.5;8.4;1.5;Winter
2022-01-02;6.3;12.0;0.1;Winter
2022-01-07;2.6;6.1;0.2;Winter
2022-01-09;0.2;2.6;-2.2;Winter
2022-01-11;3.9;8.3;0.2;Winter
2022-01-12;2.5;6.9;-0.7;Winter
2022-01-14;5.7;11.4;0.8;Winter
2022-01-17;7.7;12.9;2.2;Winter
2022-01-18;2.9;6.8;-0.4;Winter
2022-01-19;3.8;6.7;0.2;Winter
2022-01-22;2.8;8.4;-2.2;Winter
2022-01-24;1.7;5.7;-2.7;Winter
2022-01-27;3.0;4.4;2.0;Winter
2022-01-28;3.2;10.2;-1.0;Winter
2022-01-30;7.1;13.4;2.7;Winter
2022-02-03;7.6;12.6;2.2;Winter
2022-02-05;7.8;10.4;4.6;Winter
2022-02-08;8.1;14.8;2.3;Winter
2022-02-11;9.4;14.8;4.8;Winter
2022-02-14;4.6;7.1;2.6;Winter
2022-02-16;7.7;12.4;4.2;Winter
2022-02-23;9.2;16.5;3.0;Winter
2022-02-24;7.9;13.6;1.9;Winter
2022-02-27;6.2;10.3;1.7;Winter
2022-03-02;6.9;13.5;0.5;Winter
2022-03-05;4.6;9.3;0.5;Winter
2022-03-11;6.1;12.3;0.9;Winter
2022-03-13;5.5;11.6;-0.9;Winter
2022-03-25;14.8;21.5;6.9;Spring
2022-03-30;10.7;13.5;7.6;Spring
2022-04-01;12.4;17.1;8.2;Spring
2022-04-02;8.4;12.6;5.0;Spring
2022-04-10;10.1;16.8;3.7;Spring
2022-04-13;13.3;19.4;7.6;Spring
2022-04-14;15.0;21.9;7.8;Spring
2022-04-15;15.8;23.1;8.4;Spring
2022-04-19;12.6;19.8;5.4;Spring
2022-04-24;12.5;15.9;9.1;Spring
2022-04-28;15.3;20.3;9.2;Spring
2022-04-29;15.6;20.5;9.7;Spring
2022-05-02;15.2;20.7;10.5;Spring
2022-05-05;14.8;17.9;11.7;Spring
2022-05-06;13.4;14.9;12.4;Spring
2022-05-08;16.5;21.5;13.1;Spring
2022-05-15;23.5;29.6;17.9;Spring
2022-05-18;22.3;26.8;17.0;Spring
2022-05-20;23.8;31.5;15.6;Spring
2022-05-23;26.2;32.4;20.8;Spring
2022-05-26;23.1;27.5;19.2;Spring
2022-05-27;25.4;31.1;19.5;Spring
2022-05-29;14.8;16.8;13.4;Spring
2022-05-30;17.4;21.1;13.2;Spring
2022-06-01;22.8;28.4;16.7;Spring
2022-06-02;24.9;30.8;18.8;Spring
2022-06-11;24.2;29.8;17.1;Spring
2022-06-14;24.4;29.4;19.4;Spring
2022-06-17;27.2;33.4;21.0;Spring
2022-06-20;28.4;34.7;21.1;Spring
2022-06-21;29.1;35.0;22.1;Summer
2022-06-25;27.4;33.7;20.8;Summer
2022-06-29;26.9;33.3;21.3;Summer
2022-07-04;28.6;36.3;21.7;Summer
2022-07-05;27.9;34.7;20.4;Summer
2022-07-06;26.6;31.8;21.0;Summer
2022-07-09;24.1;28.7;18.2;Summer
2022-07-11;25.3;30.0;19.3;Summer
2022-07-14;28.2;35.0;18.5;Summer
2022-07-17;27.5;32.7;22.1;Summer
2022-07-18;27.6;33.3;21.1;Summer
2022-07-21;29.8;36.1;22.4;Summer
2022-07-24;30.7;36.3;25.4;Summer
2022-08-01;29.6;37.4;22.0;Summer
2022-08-03;28.2;35.0;21.1;Summer
2022-08-12;23.7;29.2;18.6;Summer
2022-08-14;26.7;34.5;18.1;Summer
2022-08-17;26.3;34.8;20.7;Summer
2022-08-21;26.5;33.0;19.9;Summer
2022-08-23;24.8;30.5;18.9;Summer
2022-08-24;24.9;30.3;19.0;Summer
2022-08-26;27.2;32.8;20.5;Summer
2022-08-27;24.0;30.1;20.6;Summer
2022-08-31;23.4;28.4;19.7;Summer
2022-09-02;22.4;27.8;17.5;Summer
2022-09-06;25.8;32.7;19.5;Summer
2022-09-08;26.1;32.2;22.1;Summer
2022-09-12;22.8;29.5;16.2;Summer
2022-09-15;25.3;29.6;21.6;Summer
2022-09-18;18.2;24.3;12.0;Summer
2022-09-19;19.7;25.4;13.5;Summer
2022-09-20;18.0;24.5;12.7;Summer
2022-09-26;18.2;23.3;13.9;Fall
2022-09-27;18.9;23.9;14.5;Fall
2022-09-29;18.9;24.6;13.3;Fall
2022-10-01;17.6;22.2;12.8;Fall
2022-10-04;17.7;22.5;12.8;Fall
2022-10-05;19.0;24.8;13.6;Fall
2022-10-07;19.0;25.1;13.9;Fall
2022-10-08;19.2;25.2;14.1;Fall
2022-10-09;18.7;22.8;15.0;Fall
2022-10-12;17.8;23.0;13.3;Fall
2022-10-15;18.5;24.0;12.9;Fall
2022-10-17;18.8;24.8;14.2;Fall
2022-10-19;19.3;25.3;13.9;Fall
2022-10-21;17.8;21.6;14.0;Fall
2022-10-22;22.1;26.5;19.1;Fall
2022-10-24;21.0;25.3;15.7;Fall
2022-10-25;20.1;24.5;16.3;Fall
2022-10-28;18.0;23.0;14.4;Fall
2022-10-30;18.3;25.1;13.2;Fall
2022-11-01;17.3;21.6;12.8;Fall
2022-11-03;15.2;17.1;13.6;Fall
2022-11-07;11.8;17.9;6.8;Fall
2022-11-15;9.2;11.4;6.9;Fall
2022-11-16;10.2;11.3;9.1;Fall
2022-11-25;8.5;11.6;4.5;Fall
2022-11-27;7.1;11.2;3.9;Fall
2022-11-28;5.9;7.7;3.6;Fall
2022-12-01;7.3;9.0;5.5;Fall
2022-12-03;7.0;7.8;6.1;Fall
2022-12-05;8.8;10.6;7.8;Fall
2022-12-07;5.2;7.4;3.5;Fall
2022-12-08;5.5;7.9;3.6;Fall
2022-12-10;5.6;7.0;3.9;Fall
2022-12-11;4.6;7.0;2.3;Fall
2022-12-15;4.1;5.2;3.1;Fall
2022-12-16;4.6;5.7;3.2;Fall
2022-12-24;8.8;9.8;7.7;Winter
2022-12-29;8.7;9.4;8.3;Winter
2022-12-31;9.8;12.5;7.8;Winter
2023-01-07;9.2;10.6;8.2;Winter
2023-01-09;8.0;10.3;5.8;Winter
2023-01-11;6.8;10.8;4.2;Winter
2023-01-14;6.4;11.2;2.7;Winter
2023-01-18;4.5;5.5;3.5;Winter
2023-01-24;6.1;9.0;3.1;Winter
2023-02-01;8.0;13.0;4.2;Winter
2023-02-08;1.1;5.1;-3.1;Winter
2023-02-09;1.3;4.8;-1.6;Winter
2023-02-13;6.8;12.8;1.4;Winter
2023-02-17;10.3;15.7;5.7;Winter
2023-02-19;9.8;15.0;4.4;Winter
2023-02-20;10.5;15.6;6.3;Winter
2023-02-23;11.1;14.6;8.0;Winter
2023-02-28;4.5;6.6;2.3;Winter
2023-03-02;6.0;8.0;3.7;Winter
2023-03-08;13.4;17.6;8.6;Winter
2023-03-09;15.5;21.7;9.4;Winter
2023-03-10;14.8;19.8;8.9;Winter
2023-03-11;15.7;22.3;9.2;Winter
2023-03-17;8.5;14.9;2.3;Winter
2023-03-18;9.9;16.6;4.1;Winter
2023-03-20;10.8;14.0;8.8;Winter
2023-03-21;13.5;19.4;8.1;Spring
2023-03-22;15.2;21.2;9.9;Spring
2023-03-23;15.7;21.4;10.2;Spring
2023-03-30;15.2;20.8;11.4;Spring
2023-04-01;14.8;21.7;10.2;Spring
2023-04-02;11.5;14.6;8.0;Spring
2023-04-05;6.5;10.7;2.4;Spring
2023-04-06;8.8;15.3;1.0;Spring
2023-04-13;11.9;19.7;6.7;Spring
2023-04-15;13.0;18.4;7.7;Spring
2023-04-17;11.8;14.9;8.1;Spring
2023-04-18;15.2;19.3;10.8;Spring
2023-04-19;15.8;21.9;10.0;Spring
2023-04-20;13.9;18.5;9.9;Spring
2023-04-26;14.4;20.9;7.6;Spring
2023-04-27;14.6;21.1;8.4;Spring
2023-04-29;16.3;20.0;12.8;Spring
2023-05-02;12.7;13.3;12.0;Spring
2023-05-05;19.1;24.9;11.5;Spring
2023-05-10;12.8;14.9;11.7;Spring
2023-05-16;13.2;15.4;12.1;Spring
2023-05-17;13.7;15.8;12.0;Spring
2023-05-24;21.4;26.9;16.1;Spring
2023-05-25;20.4;25.2;16.6;Spring
2023-05-27;21.6;26.5;16.4;Spring
2023-05-28;21.7;27.2;15.6;Spring
2023-06-01;21.8;27.9;15.4;Spring
2023-06-05;18.0;20.6;16.4;Spring
2023-06-08;21.8;28.4;16.4;Spring
2023-06-09;23.6;29.8;16.3;Spring
2023-06-10;21.2;25.3;18.1;Spring
2023-06-13;20.5;25.5;16.9;Spring
2023-06-17;24.2;31.2;17.0;Spring
2023-06-22;29.5;35.8;22.6;Summer
2023-06-23;26.3;32.0;22.2;Summer
2023-06-28;22.9;26.4;20.1;Summer
2023-06-29;24.6;29.5;19.3;Summer
2023-07-02;26.4;31.8;20.2;Summer
2023-07-05;25.5;31.6;19.4;Summer
2023-07-08;26.0;32.4;18.5;Summer
2023-07-11;31.1;36.9;24.9;Summer
2023-07-18;30.9;37.0;24.6;Summer
2023-07-19;30.3;37.4;22.8;Summer
2023-07-20;28.4;34.6;21.2;Summer
2023-07-21;27.3;32.9;22.4;Summer
2023-07-22;25.2;31.3;20.5;Summer
2023-07-23;26.9;33.4;20.0;Summer
2023-07-30;27.2;33.3;22.6;Summer
2023-07-31;26.8;32.9;21.9;Summer
2023-08-02;26.7;33.9;20.0;Summer
2023-08-03;28.3;32.4;22.2;Summer
2023-08-05;18.3;21.7;16.0;Summer
2023-08-07;22.0;27.8;15.6;Summer
2023-08-10;24.3;30.7;17.5;Summer
2023-08-17;27.1;32.7;21.4;Summer
2023-08-19;28.7;34.8;21.8;Summer
2023-08-21;29.2;35.3;23.0;Summer
2023-08-22;29.5;36.2;22.9;Summer
2023-08-24;30.5;38.4;22.4;Summer
2023-08-25;31.9;39.2;26.3;Summer
2023-08-27;27.5;33.1;24.1;Summer
2023-08-29;17.9;19.7;15.8;Summer
2023-08-30;21.0;24.9;17.2;Summer
2023-09-01;23.5;29.2;18.3;Summer
2023-09-03;25.5;31.3;19.8;Summer
2023-09-04;24.5;28.8;20.1;Summer
2023-09-06;22.8;29.1;17.1;Summer
2023-09-10;24.2;31.1;17.5;Summer
2023-09-11;25.1;31.5;17.8;Summer
2023-09-13;25.1;29.9;21.4;Summer
2023-09-16;22.2;27.2;17.8;Summer
2023-09-17;24.0;28.9;20.0;Summer
2023-09-23;20.6;26.4;14.4;Fall
2023-09-25;19.4;24.7;14.2;Fall
2023-09-28;21.1;27.5;16.4;Fall
2023-10-11;20.1;25.5;15.5;Fall
2023-10-12;21.2;26.0;17.2;Fall
2023-10-16;14.1;17.0;10.7;Fall
2023-10-18;11.2;14.1;10.1;Fall
2023-10-22;18.6;24.3;14.6;Fall
2023-10-27;19.6;23.2;15.7;Fall
2023-11-08;11.4;15.7;7.9;Fall
2023-11-12;8.5;12.0;6.2;Fall
2023-11-18;10.4;15.0;7.1;Fall
2023-11-19;10.0;14.9;6.6;Fall
2023-11-21;9.6;10.6;9.2;Fall
2023-11-25;7.4;11.0;4.0;Fall
2023-11-28;6.0;9.2;2.7;Fall
2023-11-29;5.9;9.6;1.5;Fall
2023-12-03;5.9;9.2;2.6;Fall
2023-12-07;4.3;8.8;1.5;Fall
2023-12-08;2.6;4.2;-0.3;Fall
2023-12-09;4.5;6.6;2.6;Fall
2023-12-11;3.4;4.8;1.6;Fall
2023-12-12;6.1;8.6;3.0;Fall
2023-12-13;6.3;7.9;5.4;Fall
2023-12-15;6.4;9.5;3.5;Fall
2023-12-17;5.8;10.1;3.0;Fall
2023-12-19;8.3;14.2;4.7;Fall
2023-12-20;5.7;9.5;2.8;Fall
2023-12-21;6.9;10.6;3.6;Winter
2023-12-22;14.9;18.8;7.9;Winter
2023-12-26;9.5;15.0;4.8;Winter
2023-12-28;8.9;12.5;5.0;Winter
2024-01-03;6.5;10.3;3.5;Winter
2024-01-06;6.7;7.2;6.2;Winter
2024-01-09;4.4;7.3;1.1;Winter
2024-01-20;2.7;6.9;-1.0;Winter
2024-02-02;7.8;14.1;2.6;Winter
2024-02-03;10.2;16.1;5.1;Winter
2024-02-04;10.1;16.0;5.5;Winter
2024-02-11;10.4;11.5;9.3;Winter
2024-02-15;9.2;14.4;5.1;Winter
2024-03-05;12.8;17.2;8.3;Winter
2024-03-06;10.9;14.5;7.8;Winter
2024-03-07;10.3;14.5;6.8;Winter
2024-03-12;12.5;17.9;8.0;Winter
2024-03-13;11.4;16.5;7.5;Winter
2024-03-15;13.6;17.7;8.8;Winter
2024-03-17;14.4;19.8;7.8;Winter
2024-03-19;12.3;17.6;8.5;Winter
2024-03-20;11.6;17.6;6.3;Winter
2024-03-21;14.6;20.6;8.9;Spring
2024-03-22;14.5;20.6;9.3;Spring
2024-03-25;11.2;17.0;5.2;Spring
2024-03-26;8.8;10.2;7.1;Spring
2024-03-29;14.5;22.6;7.3;Spring
2024-03-30;14.0;19.2;10.8;Spring
2024-04-02;15.6;20.8;10.1;Spring
2024-04-04;15.5;21.5;9.5;Spring
2024-04-06;17.3;22.8;12.0;Spring
2024-04-09;17.2;24.8;11.2;Spring
2024-04-12;18.7;24.4;13.1;Spring
2024-04-14;22.3;29.9;13.8;Spring
2024-04-18;9.7;14.7;7.0;Spring
2024-04-21;10.1;17.2;5.4;Spring
2024-04-28;15.2;21.3;10.5;Spring
2024-04-29;16.8;22.9;11.0;Spring
2024-04-30;18.1;24.9;10.8;Spring
2024-05-01;15.6;19.6;12.3;Spring
2024-05-03;15.3;21.0;8.7;Spring
2024-05-04;16.8;22.0;12.3;Spring
2024-05-08;16.6;21.6;12.4;Spring
2024-05-14;18.8;24.2;13.9;Spring
2024-05-15;18.0;22.0;15.4;Spring
2024-05-18;19.0;24.7;12.3;Spring
2024-05-23;17.9;24.7;13.0;Spring
2024-05-24;18.5;23.0;13.5;Spring
2024-05-25;17.5;22.0;13.8;Spring
2024-05-26;19.9;26.0;12.7;Spring
2024-05-29;21.0;26.8;15.3;Spring
2024-05-31;16.7;21.3;13.2;Spring
2024-06-04;21.2;27.1;16.2;Spring
2024-06-10;23.8;29.5;19.1;Spring
2024-06-13;18.8;24.0;14.3;Spring
2024-06-18;26.1;33.2;19.0;Spring
2024-06-24;18.9;21.3;17.5;Summer
2024-07-04;22.3;28.0;16.4;Summer
2024-07-06;26.4;31.8;18.6;Summer
2024-07-08;27.2;32.4;21.4;Summer
2024-07-09;28.4;34.0;22.5;Summer
2024-07-11;30.2;36.6;23.7;Summer
2024-07-12;29.4;35.0;23.8;Summer
2024-07-13;28.5;34.4;22.8;Summer
2024-07-19;29.3;35.9;23.7;Summer
2024-07-26;27.7;33.7;20.4;Summer
2024-07-28;30.2;36.3;23.1;Summer
2024-07-29;28.2;34.3;23.4;Summer
2024-08-03;26.3;30.8;22.4;Summer
2024-08-06;28.0;33.9;22.2;Summer
2024-08-07;26.3;35.1;18.8;Summer
2024-08-08;26.2;32.9;19.3;Summer
2024-08-10;29.3;34.9;23.4;Summer
2024-08-12;30.5;37.5;23.5;Summer
2024-08-18;25.2;30.2;21.2;Summer
2024-08-19;21.4;22.7;19.8;Summer
2024-08-21;27.0;33.2;21.2;Summer
2024-08-23;27.3;34.0;21.2;Summer
2024-08-24;28.1;34.9;21.6;Summer
2024-08-26;26.9;33.0;21.8;Summer
2024-08-28;26.2;32.3;20.3;Summer
2024-09-02;25.6;29.9;21.7;Summer
2024-09-03;26.4;32.0;21.1;Summer
2024-09-04;24.6;30.2;21.5;Summer
2024-09-07;24.3;29.6;18.6;Summer
2024-09-09;22.8;27.5;18.7;Summer
2024-09-10;22.4;28.0;17.1;Summer
2024-09-11;22.6;28.7;17.3;Summer
2024-09-12;19.6;23.9;13.7;Summer
2024-09-13;15.5;18.4;12.5;Summer
2024-09-14;18.3;22.0;14.8;Summer
2024-09-16;19.1;24.2;14.3;Summer
2024-09-24;19.5;23.7;15.8;Fall
2024-09-29;17.5;22.8;12.7;Fall
2024-10-01;18.0;21.4;15.3;Fall
2024-10-02;18.6;24.2;15.6;Fall
2024-10-03;13.5;16.2;11.1;Fall
2024-10-05;12.0;13.3;10.4;Fall
2024-10-11;16.9;21.3;13.4;Fall
2024-10-16;17.5;18.2;16.8;Fall
2024-10-17;17.2;18.8;15.6;Fall
2024-10-21;17.0;19.3;14.3;Fall
2024-10-24;15.7;16.1;15.4;Fall
2024-10-25;16.4;17.4;15.2;Fall
2024-10-27;18.2;20.0;16.6;Fall
2024-10-31;15.1;20.9;11.6;Fall
2024-11-01;14.6;20.0;10.5;Fall
2024-11-08;9.0;11.7;6.9;Fall
2024-11-12;7.2;10.8;3.9;Fall
2024-11-16;5.8;11.2;2.4;Fall
2024-11-19;7.5;10.7;4.9;Fall
2024-11-22;6.5;10.5;2.9;Fall
2024-11-26;7.3;10.1;5.6;Fall
2024-11-29;8.5;11.0;6.1;Fall
2024-12-02;6.2;11.7;3.1;Fall
2024-12-08;4.2;6.2;2.0;Fall
2024-12-11;6.8;10.3;3.2;Fall
2024-12-12;4.8;8.7;1.6;Fall
2024-12-14;5.5;8.4;3.5;Fall
2024-12-17;3.6;7.6;0.2;Fall
2024-12-18;4.1;8.2;0.4;Fall
2024-12-21;4.2;9.0;1.6;Winter
2024-12-23;5.1;8.9;2.1;Winter
2024-12-25;5.8;9.9;2.8;Winter
2024-12-27;5.2;10.2;0.8;Winter
2025-01-02;5.1;10.3;0.5;Winter
2025-01-04;2.8;4.8;0.3;Winter
2025-01-09;5.8;9.0;3.9;Winter
2025-01-13;2.3;6.8;-1.1;Winter
2025-01-17;3.3;6.9;0.4;Winter
2025-01-18;4.5;7.0;1.6;Winter
2025-01-20;6.1;7.4;5.1;Winter
2025-01-24;7.4;11.4;4.1;Winter
2025-01-25;5.8;6.7;5.0;Winter
2025-01-30;7.6;11.6;4.4;Winter
2025-02-01;8.4;9.6;7.0;Winter
2025-02-05;6.0;12.0;2.1;Winter
2025-02-10;7.5;8.9;5.9;Winter
2025-02-11;8.6;11.3;6.6;Winter
2025-02-13;9.0;10.0;8.1;Winter
2025-02-16;3.3;7.6;-0.4;Winter
2025-02-23;9.8;12.4;7.7;Winter
2025-02-27;10.0;14.5;7.3;Winter
2025-03-03;8.1;14.0;2.3;Winter
2025-03-05;10.2;16.6;4.7;Winter
2025-03-06;10.0;16.7;4.5;Winter
2025-03-20;8.7;15.4;2.5;Winter
2025-03-22;10.8;13.0;9.3;Spring
2025-03-24;13.5;17.9;8.9;Spring
2025-03-30;14.3;19.1;9.8;Spring
2025-03-31;12.7;17.8;8.4;Spring
2025-04-03;14.1;20.5;8.2;Spring
2025-04-06;11.6;15.5;6.2;Spring
2025-04-10;14.3;20.2;8.6;Spring
2025-04-12;16.6;21.4;11.3;Spring
2025-04-16;15.3;18.0;11.8;Spring
2025-04-17;15.6;19.0;13.2;Spring
2025-04-21;16.2;20.3;12.9;Spring
2025-04-24;17.7;21.2;13.9;Spring
2025-04-25;15.1;18.1;12.3;Spring
2025-04-27;16.6;21.0;12.5;Spring
2025-04-30;19.5;25.9;12.1;Spring
2025-05-01;20.8;27.9;13.4;Spring
2025-05-04;20.9;26.2;16.1;Spring
2025-05-07;14.7;19.9;11.6;Spring
2025-05-08;14.7;19.2;10.2;Spring
2025-05-09;15.5;19.2;11.5;Spring
2025-05-10;16.9;21.6;12.6;Spring
2025-05-14;18.6;24.6;11.5;Spring
2025-05-17;17.9;22.9;12.5;Spring
2025-05-18;19.2;24.9;12.8;Spring
2025-05-19;21.2;27.5;15.5;Spring
2025-05-20;18.4;22.8;14.5;Spring
2025-05-22;18.3;21.2;14.2;Spring
2025-05-25;18.8;25.0;11.0;Spring
2025-05-29;22.8;28.8;16.4;Spring
2025-05-31;23.2;29.5;16.1;Spring
2025-06-02;25.7;31.4;19.9;Spring
2025-06-05;24.6;29.1;19.8;Spring
2025-06-09;23.3;27.2;18.0;Spring
2025-06-16;23.5;30.9;18.0;Spring
2025-06-22;26.2;32.5;20.6;Summer
2025-06-25;30.1;36.1;24.5;Summer
2025-06-26;31.0;37.1;25.4;Summer
2025-06-27;28.3;33.7;22.4;Summer
2025-07-01;29.3;34.9;23.8;Summer
2025-07-10;22.9;29.4;15.0;Summer
2025-07-11;24.7;30.7;16.4;Summer
2025-07-12;24.7;30.4;17.1;Summer
2025-07-17;25.5;31.1;20.4;Summer
2025-07-20;29.1;34.6;23.2;Summer
2025-07-24;27.3;33.1;22.6;Summer
2025-07-25;21.5;24.7;18.5;Summer
2025-07-26;20.6;27.2;16.8;Summer
2025-07-27;25.0;31.7;18.4;Summer
2025-07-30;22.1;28.4;15.7;Summer
2025-08-02;21.8;28.5;18.3;Summer
2025-08-03;21.9;26.6;16.8;Summer
2025-08-06;24.6;30.0;18.5;Summer
2025-08-08;27.7;34.5;20.8;Summer
2025-08-11;29.3;34.5;23.2;Summer
2025-08-14;28.8;34.6;22.4;Summer
2025-08-15;28.9;35.0;23.0;Summer
2025-08-18;26.4;31.2;22.0;Summer
2025-08-19;26.5;32.3;20.9;Summer
2025-08-21;20.9;25.3;18.0;Summer
2025-08-22;23.0;28.4;18.6;Summer
2025-08-24;20.4;24.1;18.1;Summer
2025-08-27;24.1;29.3;20.5;Summer
2025-08-31;23.4;30.0;16.6;Summer
2025-09-01;24.2;30.6;17.7;Summer
2025-09-11;23.0;28.9;17.9;Summer
2025-09-12;23.0;28.8;17.2;Summer
2025-09-14;22.6;28.3;18.1;Summer
2025-09-15;23.4;28.9;18.1;Summer
2025-09-17;21.4;26.8;17.8;Summer
2025-09-19;23.5;30.3;17.1;Summer
2025-09-22;23.1;27.8;19.4;Summer
2025-09-25;16.0;20.7;13.1;Fall
2025-09-26;16.7;21.3;12.4;Fall
2025-09-28;17.0;21.5;12.8;Fall
2025-10-03;13.2;19.2;7.7;Fall
2025-10-04;15.4;21.7;7.9;Fall
2025-10-13;16.9;22.1;13.2;Fall
2025-10-17;13.6;18.8;8.6;Fall
2025-10-25;14.2;18.6;9.6;Fall
2025-11-01;15.9;18.1;13.8;Fall
2025-11-04;11.5;16.9;7.5;Fall
2025-11-05;10.5;15.6;6.6;Fall
2025-11-06;9.9;15.1;5.9;Fall
2025-11-08;10.2;14.6;6.6;Fall
2025-11-11;11.1;17.3;6.4;Fall
2025-11-12;11.6;16.2;8.0;Fall
2025-11-14;10.4;14.8;7.4;Fall
2025-11-15;9.9;12.0;7.8;Fall
2025-11-20;6.0;7.3;4.8;Fall
2025-11-22;4.8;6.8;2.7;Fall
2025-11-24;3.3;4.1;2.7;Fall
2025-11-28;5.2;9.3;1.8;Fall
2025-11-30;5.4;10.0;1.2;Fall
2025-12-03;8.9;10.3;7.7;Fall
2025-12-17;8.6;10.1;6.6;Fall
2025-12-22;7.4;8.3;6.9;Winter
2025-12-24;6.9;8.4;5.1;Winter
2025-12-26;5.4;7.4;3.3;Winter
2025-12-29;4.2;10.0;-0.5;Winter
2026-01-06;0.7;2.4;-0.3;Winter
2026-01-08;-1.1;3.2;-4.6;Winter
2026-01-10;3.5;7.5;0.0;Winter
2026-01-11;3.9;8.7;0.4;Winter
2026-01-13;4.1;6.4;1.9;Winter
2026-01-23;3.6;5.0;1.8;Winter
2026-01-26;5.2;8.0;2.7;Winter
2026-01-27;7.2;12.1;1.9;Winter
2026-01-29;5.0;7.9;2.0;Winter
2026-01-30;4.2;6.5;0.8;Winter
2026-02-05;8.7;13.0;5.7;Winter
2026-02-10;9.2;12.2;5.9;Winter
2026-02-12;7.5;9.1;5.2;Winter
2026-02-26;11.7;15.4;8.8;Winter
2026-02-28;11.8;16.2;7.7;Winter
2026-03-06;10.5;13.4;7.1;Winter
2026-03-07;10.2;15.6;5.3;Winter
2026-03-08;9.6;14.3;5.8;Winter
2026-03-10;11.2;16.1;4.4;Winter
2026-03-11;12.1;16.7;9.0;Winter
2026-03-12;12.1;16.1;8.8;Winter
2026-03-15;12.7;16.4;8.8;Winter
2026-03-22;9.2;13.8;3.9;Spring
2026-03-24;12.1;17.9;6.1;Spring
2026-03-28;10.6;16.6;4.6;Spring
2026-03-29;10.6;14.9;5.0;Spring
2026-03-30;10.8;16.7;5.6;Spring
2018-10-27;20.7;24.2;13.8;Fall
2018-10-28;19.8;22.8;15.8;Fall
2018-10-29;17.0;20.5;14.5;Fall
2018-11-01;13.9;16.8;12.0;Fall
2018-11-02;12.9;13.4;12.3;Fall
2018-11-08;14.8;20.7;10.8;Fall
2018-11-12;13.9;16.2;11.2;Fall
2018-11-13;14.5;19.4;10.5;Fall
2018-11-18;5.5;8.5;2.5;Fall
2018-11-24;9.6;12.2;8.7;Fall
2018-12-01;4.7;7.5;2.7;Fall
2018-12-04;7.5;12.6;3.9;Fall
2018-12-08;8.3;13.6;3.6;Fall
2018-12-10;10.3;13.1;6.8;Fall
2018-12-15;1.3;5.8;-1.8;Fall
2018-12-24;3.9;8.2;0.4;Winter
2018-12-25;3.4;6.6;1.5;Winter
2018-12-26;0.9;4.9;-1.0;Winter
2019-01-01;1.8;4.9;-1.6;Winter
2019-01-03;2.0;6.8;-1.9;Winter
2019-01-04;1.5;6.8;-3.6;Winter
2019-01-07;2.4;7.6;-1.2;Winter
2019-01-08;0.3;2.6;-1.8;Winter
2019-01-09;1.1;8.1;-3.3;Winter
2019-01-17;8.3;14.8;3.5;Winter
2019-01-22;1.8;3.7;0.5;Winter
2019-01-23;1.3;2.6;0.1;Winter
2019-01-26;2.1;8.0;-2.3;Winter
2019-01-30;1.2;4.4;-1.1;Winter
2019-02-01;1.5;2.9;0.9;Winter
2019-02-03;5.9;8.0;2.9;Winter
2019-02-04;5.9;9.4;2.9;Winter
2019-02-05;5.0;9.5;1.0;Winter
2019-02-16;7.8;15.3;2.1;Winter
2019-02-18;10.0;16.6;4.6;Winter
2019-02-20;6.2;12.4;0.2;Winter
2019-02-21;8.2;14.5;2.8;Winter
2019-02-25;8.8;15.6;1.7;Winter
2019-03-01;9.1;12.2;5.8;Winter
2019-03-05;12.3;17.6;8.9;Winter
2019-03-07;15.4;19.8;10.8;Winter
2019-03-13;7.2;11.1;2.6;Winter
2019-03-20;8.1;12.9;3.3;Winter
2019-03-26;8.4;13.3;4.3;Spring
2019-04-01;14.8;21.4;7.8;Spring
2019-04-03;14.9;18.3;12.1;Spring
2019-04-04;12.9;19.8;8.3;Spring
2019-04-11;11.9;15.7;10.3;Spring
2019-04-13;9.5;12.3;6.7;Spring
2019-04-14;9.2;11.4;5.9;Spring
2019-04-15;11.8;17.0;7.3;Spring
2019-04-16;13.3;19.5;6.5;Spring
2019-04-17;15.0;21.3;8.7;Spring
2019-04-18;14.2;20.3;7.3;Spring
2019-04-21;15.6;22.0;9.3;Spring
2019-04-24;18.2;21.6;14.4;Spring
2019-04-25;16.3;22.4;11.0;Spring
2019-05-01;17.4;23.1;12.2;Spring
2019-05-02;17.9;24.0;11.4;Spring
2019-05-03;16.6;21.3;13.5;Spring
2019-05-07;13.4;19.6;5.4;Spring
2019-05-08;14.1;18.5;10.1;Spring
2019-05-09;15.0;20.3;10.4;Spring
2019-05-10;17.9;23.7;12.3;Spring
2019-05-11;17.4;23.2;12.0;Spring
2019-05-14;12.1;15.7;7.6;Spring
2019-05-15;9.2;12.9;6.2;Spring
2019-05-23;19.2;24.7;13.9;Spring
2019-05-26;16.8;19.7;14.7;Spring
2019-05-31;19.3;24.9;13.4;Spring
2019-06-02;23.9;30.0;15.8;Spring
2019-06-04;24.9;31.2;19.7;Spring
2019-06-05;25.1;31.1;19.0;Spring
2019-06-08;23.7;29.8;17.4;Spring
2019-06-12;26.1;31.7;20.5;Spring
2019-06-15;26.2;32.3;20.6;Spring
2019-06-17;25.0;30.2;18.7;Spring
2019-06-19;27.0;33.6;20.0;Spring
2019-06-20;27.0;33.3;19.6;Spring
2019-06-21;27.0;33.4;19.6;Summer
2019-06-26;28.8;35.0;22.1;Summer
2019-06-28;29.9;34.8;24.9;Summer
2019-07-01;28.3;35.9;20.8;Summer
2019-07-03;26.9;33.6;20.5;Summer
2019-07-08;26.4;32.4;20.1;Summer
2019-07-22;28.1;34.2;21.7;Summer
2019-07-24;30.0;37.0;22.6;Summer
2019-07-28;20.7;23.5;18.2;Summer
2019-08-02;24.2;32.1;18.4;Summer
2019-08-04;24.9;30.5;18.0;Summer
2019-08-05;26.4;32.8;19.6;Summer
2019-08-19;27.0;33.8;19.9;Summer
2019-08-24;24.6;30.7;20.4;Summer
2019-08-25;25.0;30.7;19.7;Summer
2019-08-27;26.6;32.6;20.7;Summer
2019-08-30;26.7;32.9;21.3;Summer
2019-09-05;22.8;29.1;15.0;Summer
2019-09-06;17.1;19.9;15.2;Summer
2019-09-09;18.8;25.1;12.8;Summer
2019-09-10;19.3;25.4;12.7;Summer
2019-09-12;21.7;28.2;15.3;Summer
2019-09-13;22.4;29.1;15.2;Summer
2019-09-19;15.9;18.8;13.8;Summer
2019-09-22;15.1;16.5;13.7;Summer
2019-09-24;20.0;24.7;15.3;Fall
2019-09-27;20.6;26.0;16.0;Fall
2019-10-02;19.6;23.8;16.2;Fall
2019-10-05;16.1;21.3;11.3;Fall
2019-10-07;13.8;17.3;10.8;Fall
2019-10-10;16.4;20.2;13.2;Fall
2019-10-14;18.3;22.5;14.9;Fall
2019-10-16;16.5;21.1;13.0;Fall
2019-10-18;16.8;21.0;12.8;Fall
2019-10-19;19.0;24.3;12.9;Fall
2019-10-23;18.2;22.8;14.5;Fall
2019-10-26;16.8;22.1;13.2;Fall
2019-10-30;11.7;14.8;10.6;Fall
2019-11-02;10.2;11.3;9.4;Fall
2019-11-03;12.4;17.8;9.4;Fall
2019-11-04;15.4;21.7;9.9;Fall
2019-11-05;15.0;19.4;10.9;Fall
2019-11-08;11.7;13.9;9.3;Fall
2019-11-11;8.3;9.1;7.4;Fall
2019-11-12;8.3;9.3;7.7;Fall
2019-11-17;8.5;15.3;5.0;Fall
2019-11-19;10.7;12.5;7.8;Fall
2019-11-25;13.1;16.2;10.3;Fall
2019-11-26;11.1;14.3;8.3;Fall
2019-12-03;6.9;10.4;2.5;Fall
2019-12-06;5.5;8.1;2.5;Fall
2019-12-09;6.3;7.0;4.4;Fall
2019-12-10;7.4;12.0;3.4;Fall
2019-12-12;1.6;3.2;0.1;Fall
2019-12-15;4.6;8.6;1.5;Fall
2019-12-19;9.9;11.0;8.0;Fall
2019-12-20;12.2;15.8;6.3;Fall
2019-12-21;11.8;16.9;7.5;Winter
2019-12-22;9.3;12.6;6.0;Winter
2019-12-25;9.0;15.2;4.4;Winter
2019-12-28;5.4;9.4;1.9;Winter
2019-12-30;1.4;4.2;-1.7;Winter
2020-01-03;6.5;11.7;2.9;Winter
2020-01-10;5.7;11.2;1.2;Winter
2020-01-12;4.8;9.9;1.1;Winter
2020-01-13;2.7;7.0;-0.3;Winter
2020-01-14;3.8;6.8;-0.5;Winter
2020-01-16;6.1;8.9;3.7;Winter
2020-01-17;7.5;12.0;2.9;Winter
2020-01-19;6.9;9.9;4.7;Winter
2020-01-24;4.7;8.3;1.4;Winter
2020-01-26;6.8;9.8;4.5;Winter
2020-01-27;7.6;11.8;3.6;Winter
2020-01-29;10.3;14.9;4.2;Winter
2020-01-31;10.0;13.8;6.7;Winter
2020-02-03;6.3;8.7;3.8;Winter
2020-02-04;9.0;16.9;4.3;Winter
2020-02-07;6.6;12.7;2.1;Winter
2020-02-08;5.7;10.6;1.6;Winter
2020-02-09;7.4;12.8;0.9;Winter
2020-02-11;13.3;20.3;4.7;Winter
2020-02-13;8.9;13.8;2.9;Winter
2020-02-14;9.9;15.9;4.6;Winter
2020-02-15;8.8;15.4;3.4;Winter
2020-02-24;11.4;16.2;6.2;Winter
2020-02-25;12.1;18.0;5.6;Winter
2020-03-02;10.4;15.5;3.6;Winter
2020-03-04;8.2;12.3;4.3;Winter
2020-03-08;9.6;14.9;5.4;Winter
2020-03-09;8.8;13.8;4.4;Winter
2020-03-12;12.6;18.6;6.0;Winter
2020-03-13;14.2;18.7;10.1;Winter
2020-03-16;9.0;15.7;1.8;Winter
2020-03-20;14.2;20.1;7.3;Winter
2020-03-26;2.9;4.5;0.9;Spring
2020-04-03;10.1;16.3;3.4;Spring
2020-04-04;12.2;18.5;5.7;Spring
2020-04-08;14.1;21.4;6.6;Spring
2020-04-09;15.3;23.2;7.0;Spring
2020-04-10;17.0;24.5;8.4;Spring
2020-04-12;18.8;26.3;10.4;Spring
2020-04-13;17.6;23.6;11.7;Spring
2020-04-14;13.8;22.0;7.8;Spring
2020-04-15;10.9;16.0;5.2;Spring
2020-04-18;18.0;23.9;11.2;Spring
2020-04-19;17.9;23.8;12.7;Spring
2020-04-24;17.0;24.4;8.1;Spring
2020-04-29;17.2;22.4;13.5;Spring
2020-05-03;16.6;21.0;11.2;Spring
2020-05-05;19.7;25.6;12.4;Spring
2020-05-10;20.8;26.2;16.0;Spring
2020-05-13;16.7;23.1;12.0;Spring
2020-05-16;17.6;21.5;14.1;Spring
2020-05-18;20.1;25.2;14.7;Spring
2020-05-19;19.0;21.9;15.8;Spring
2020-05-20;18.9;22.9;15.0;Spring
2020-05-24;20.0;24.1;14.7;Spring
2020-06-03;21.9;28.6;15.3;Spring
2020-06-04;18.6;21.5;15.6;Spring
2020-06-16;21.9;27.0;17.3;Spring
2020-06-19;21.9;28.2;16.2;Spring
2020-06-20;22.5;28.9;14.6;Spring
2020-06-21;23.6;29.3;18.1;Summer
2020-06-22;25.6;32.4;18.1;Summer
2020-06-26;24.9;32.4;17.6;Summer
2020-06-30;27.2;33.2;20.7;Summer
2020-07-01;27.5;34.3;22.6;Summer
2020-07-04;23.4;29.0;17.7;Summer
2020-07-05;26.0;31.9;19.1;Summer
2020-07-07;21.4;26.1;16.0;Summer
2020-07-08;22.6;29.1;14.6;Summer
2020-07-09;25.4;32.1;17.6;Summer
2020-07-10;27.2;34.1;20.4;Summer
2020-07-12;22.2;27.1;17.6;Summer
2020-07-18;22.5;27.7;17.6;Summer
2020-07-19;23.9;30.1;15.7;Summer
2020-07-22;27.9;34.2;20.6;Summer
2020-07-24;20.8;25.3;17.5;Summer
2020-07-26;26.5;33.4;20.5;Summer
2020-07-31;28.5;36.3;23.7;Summer
2020-08-06;23.7;28.4;18.8;Summer
2020-08-07;25.7;30.8;19.9;Summer
2020-08-12;27.9;34.1;21.8;Summer
2020-08-13;27.6;33.2;22.4;Summer
2020-08-16;26.4;33.4;20.4;Summer
2020-08-18;25.1;30.3;21.7;Summer
2020-08-26;26.6;32.7;20.5;Summer
2020-08-27;26.4;32.0;21.8;Summer
2020-08-28;27.8;33.8;22.1;Summer
2020-09-02;19.6;26.7;14.9;Summer
2020-09-06;24.5;30.3;18.3;Summer
2020-09-09;23.1;29.6;16.4;Summer
2020-09-15;23.9;30.3;18.2;Summer
2020-09-16;24.5;30.1;19.0;Summer
2020-09-17;24.8;30.8;19.0;Summer
2020-09-18;23.1;28.9;18.3;Summer
2020-09-23;20.6;25.3;16.9;Fall
2020-09-29;16.5;22.6;10.4;Fall
2020-10-02;19.7;22.2;16.2;Fall
2020-10-04;17.7;22.1;13.8;Fall
2020-10-05;17.0;21.8;12.3;Fall
2020-10-06;17.0;21.3;11.6;Fall
2020-10-07;16.5;20.9;12.4;Fall
2020-10-10;17.2;22.3;12.6;Fall
2020-10-11;11.6;15.6;9.0;Fall
2020-10-13;11.8;17.2;7.5;Fall
2020-10-15;10.7;12.7;9.6;Fall
2020-10-18;12.3;18.0;7.8;Fall
2020-10-22;14.2;19.8;9.5;Fall
2020-10-25;15.6;19.1;11.8;Fall
2020-10-29;13.2;17.9;10.0;Fall
2020-11-06;12.8;17.4;9.2;Fall
2020-11-07;12.6;17.8;8.7;Fall
2020-11-09;13.1;18.6;9.3;Fall
2020-11-11;10.3;12.6;7.6;Fall
2020-11-12;12.2;15.2;10.4;Fall
2020-11-16;11.1;11.9;10.2;Fall
2020-11-17;11.1;15.5;8.1;Fall
2020-11-19;7.5;13.7;3.1;Fall
2020-11-24;5.8;10.3;2.7;Fall
2020-11-27;4.9;8.4;2.3;Fall
2020-12-03;3.0;5.7;0.3;Fall
2020-12-05;6.9;13.3;4.6;Fall
2020-12-07;7.0;9.8;3.4;Fall
2020-12-11;6.7;8.6;5.1;Fall
2020-12-15;5.9;8.6;2.4;Fall
2020-12-17;8.3;9.4;7.3;Fall
2020-12-19;7.9;8.8;7.0;Fall
2020-12-20;7.8;8.5;7.0;Fall
2020-12-24;8.3;9.8;7.2;Winter
2020-12-25;7.3;11.7;5.2;Winter
2020-12-31;5.6;9.0;2.8;Winter
2021-01-04;4.9;6.6;2.9;Winter
2021-01-07;4.1;6.0;2.6;Winter
2021-01-11;1.4;3.5;-0.5;Winter
2021-01-12;2.2;6.3;-0.3;Winter
2021-01-16;2.3;6.5;-0.6;Winter
2021-01-20;0.6;4.1;-2.9;Winter
2021-01-22;5.0;12.6;1.5;Winter
2021-01-24;4.4;7.7;1.2;Winter
2021-01-26;5.7;9.4;2.6;Winter
2021-01-27;3.5;5.9;0.4;Winter
2021-01-29;3.6;7.5;0.5;Winter
2021-01-30;7.5;12.9;2.3;Winter
2021-02-03;5.7;7.8;3.7;Winter
2021-02-07;9.2;11.2;7.5;Winter
2021-02-11;8.2;12.7;4.8;Winter
2021-02-12;3.3;5.9;-0.4;Winter
2021-02-15;2.4;7.8;-3.1;Winter
2021-02-24;13.0;19.8;7.6;Winter
2021-02-25;13.6;20.5;8.2;Winter
2021-02-27;11.1;16.8;6.9;Winter
2021-03-01;8.3;14.7;2.3;Winter
2021-03-05;12.0;16.8;7.8;Winter
2021-03-07;6.0;11.7;0.7;Winter
2021-03-08;7.0;12.5;0.8;Winter
2021-03-10;8.4;14.1;3.3;Winter
2021-03-12;11.4;16.9;6.8;Winter
2021-03-13;12.6;18.9;6.9;Winter
2021-03-17;9.3;15.2;3.0;Winter
2021-03-19;5.2;10.5;0.5;Winter
2021-03-21;5.1;9.0;0.3;Spring
2021-03-24;10.4;17.3;2.8;Spring
2021-03-29;15.0;21.7;8.0;Spring
2021-03-30;16.3;23.1;9.1;Spring
2021-03-31;17.5;25.2;10.1;Spring
2021-04-03;12.9;16.3;8.4;Spring
2021-04-10;12.2;16.2;8.2;Spring
2021-04-18;9.5;14.1;4.9;Spring
2021-04-20;13.2;19.9;6.1;Spring
2021-04-21;13.5;19.5;8.2;Spring
2021-04-22;13.1;18.1;8.7;Spring
2021-05-11;16.0;19.1;14.0;Spring
2021-05-13;16.6;21.9;13.0;Spring
2021-05-16;18.1;22.0;13.3;Spring
2021-05-18;18.6;24.8;13.0;Spring
2021-05-20;17.2;23.9;9.0;Spring
2021-05-21;19.2;24.7;13.5;Spring
2021-05-24;14.9;17.3;13.4;Spring
2021-05-27;19.9;26.4;14.0;Spring
2021-05-28;19.1;24.4;12.6;Spring
2021-05-30;18.7;23.4;13.5;Spring
2021-06-02;20.7;27.5;13.0;Spring
2021-06-03;23.0;29.3;16.2;Spring
2021-06-11;22.2;28.2;16.6;Spring
2021-06-12;25.1;31.8;17.0;Spring
2021-06-16;24.6;30.9;18.2;Spring
2021-06-18;27.3;32.9;21.9;Spring
2021-06-22;28.1;34.6;21.4;Summer
2021-06-30;25.6;30.3;19.6;Summer
2021-07-02;25.8;32.3;19.7;Summer
2021-07-03;26.6;33.0;19.7;Summer
2021-07-04;22.9;27.3;19.7;Summer
2021-07-05;25.4;31.7;18.8;Summer
2021-07-07;29.8;37.4;21.0;Summer
2021-07-13;25.6;31.1;19.7;Summer
2021-07-15;23.7;28.6;17.7;Summer
2021-07-16;21.2;25.9;18.4;Summer
2021-07-17;23.4;27.4;19.3;Summer
2021-07-18;25.9;32.4;20.4;Summer
2021-07-25;29.0;34.1;23.8;Summer
2021-07-27;26.0;34.1;20.8;Summer
2021-07-30;28.4;34.8;21.6;Summer
2021-08-03;24.8;31.1;17.6;Summer
2021-08-06;26.5;32.8;20.4;Summer
2021-08-07;28.1;34.4;20.8;Summer
2021-08-15;30.9;38.3;23.7;Summer
2021-08-21;26.9;33.8;19.2;Summer
2021-08-30;21.1;28.5;13.4;Summer
2021-09-01;21.8;28.6;14.8;Summer
2021-09-17;22.4;27.9;19.0;Summer
2021-09-18;22.0;27.8;17.6;Summer
2021-09-22;17.9;23.6;12.1;Summer
2021-09-26;18.6;24.3;16.0;Fall
2021-09-30;19.2;23.5;15.6;Fall
2021-10-01;17.8;22.7;13.4;Fall
2021-10-03;20.6;26.9;13.6;Fall
2021-10-04;21.3;25.3;17.5;Fall
2021-10-05;20.0;23.3;17.6;Fall
2021-10-08;14.9;17.3;12.5;Fall
2021-10-10;12.0;16.4;7.5;Fall
2021-10-16;13.0;19.5;7.2;Fall
2021-10-19;14.0;19.6;8.4;Fall
2021-10-20;16.5;22.4;10.5;Fall
2021-10-21;18.0;22.2;13.2;Fall
2021-10-22;13.8;16.6;11.9;Fall
2021-10-25;11.6;15.2;7.0;Fall
2021-10-27;12.9;17.7;8.4;Fall
2021-10-31;11.9;13.0;10.7;Fall
2021-11-01;11.6;13.4;10.6;Fall
2021-11-03;14.6;17.3;10.7;Fall
2021-11-05;10.0;13.2;7.2;Fall
2021-11-08;9.2;10.1;8.2;Fall
2021-11-09;10.1;11.3;9.1;Fall
2021-11-10;11.1;12.7;9.6;Fall
2021-11-12;11.5;16.1;8.2;Fall
2021-11-15;12.3;13.6;10.7;Fall
2021-11-18;11.7;14.3;9.5;Fall
2021-11-20;7.8;9.0;6.6;Fall
2021-11-22;8.2;9.0;7.0;Fall
2021-11-23;9.4;12.7;6.1;Fall
2021-12-05;4.8;8.6;1.9;Fall
2021-12-08;1.7;3.1;-0.1;Fall
2021-12-09;3.4;5.4;1.3;Fall
2021-12-15;3.9;8.0;0.9;Fall
2021-12-16;4.3;8.0;1.2;Fall
2021-12-17;4.5;10.6;-0.8;Fall
2021-12-18;-0.6;1.9;-3.2;Fall
2021-12-19;4.1;9.4;-1.3;Fall
2021-12-22;4.8;7.0;2.6;Winter
2021-12-28;7.1;8.7;5.3;Winter
2022-01-01;3.9;7.2;1.0;Winter
2022-01-03;3.8;5.4;2.4;Winter
2022-01-06;3.8;5.6;2.0;Winter
2022-01-13;2.2;6.9;-1.5;Winter
2022-01-20;3.2;6.8;-0.1;Winter
2022-01-23;1.1;5.2;-1.9;Winter
2022-02-04;7.4;10.3;4.4;Winter
2022-02-06;5.7;8.1;3.4;Winter
2022-02-07;6.9;13.1;1.5;Winter
2022-02-09;9.3;15.8;3.8;Winter
2022-02-12;6.3;10.3;2.2;Winter
2022-02-13;5.1;9.8;0.2;Winter
2022-02-15;4.0;5.8;1.7;Winter
2022-02-20;11.1;15.9;6.9;Winter
2022-02-21;10.9;17.2;6.2;Winter
2022-02-22;10.7;16.8;5.5;Winter
2022-02-25;9.3;14.6;3.2;Winter
2022-02-28;6.6;12.1;2.5;Winter
2022-03-04;7.5;12.2;3.5;Winter
2022-03-07;4.6;10.1;0.2;Winter
2022-03-08;4.6;9.5;-0.3;Winter
2022-03-12;5.0;10.8;0.3;Winter
2022-03-15;9.5;14.6;3.8;Winter
2022-03-17;11.2;14.5;8.6;Winter
2022-03-19;8.1;13.6;2.9;Winter
2022-03-20;8.0;13.9;2.8;Winter
2022-03-22;8.5;15.0;1.8;Spring
2022-03-23;11.4;18.1;4.4;Spring
2022-03-26;14.2;21.1;6.9;Spring
2022-03-29;12.2;19.0;5.3;Spring
2022-03-31;10.2;11.7;8.8;Spring
2022-04-03;8.3;12.5;4.7;Spring
2022-04-05;11.4;17.4;4.9;Spring
2022-04-07;14.9;21.2;8.6;Spring
2022-04-12;13.2;19.3;7.7;Spring
2022-04-17;11.4;14.9;7.4;Spring
2022-04-18;11.6;17.5;4.3;Spring
2022-04-21;10.3;11.4;9.3;Spring
2022-04-26;16.1;22.3;10.9;Spring
2022-04-27;15.3;21.1;9.7;Spring
2022-05-01;15.4;21.3;12.2;Spring
2022-05-09;18.5;24.1;12.5;Spring
2022-05-10;20.5;26.7;13.6;Spring
2022-05-12;22.9;29.5;16.4;Spring
2022-05-14;22.7;29.1;15.9;Spring
2022-05-17;23.7;30.6;17.0;Spring
2022-05-19;21.6;27.5;15.9;Spring
2022-05-21;24.8;31.5;19.5;Spring
2022-05-28;21.7;28.2;15.8;Spring
2022-06-04;24.8;30.8;19.6;Spring
2022-06-06;25.8;31.4;20.5;Spring
2022-06-09;19.9;23.3;16.9;Spring
2022-06-10;22.6;28.0;18.0;Spring
2022-06-12;25.9;32.3;18.7;Spring
2022-06-13;26.4;33.7;19.8;Spring
2022-06-22;27.1;32.2;22.8;Summer
2022-06-23;27.2;32.3;21.8;Summer
2022-06-30;28.4;35.2;22.0;Summer
2022-07-01;28.7;35.6;21.1;Summer
2022-07-03;30.1;37.1;22.4;Summer
2022-07-07;25.2;32.8;18.8;Summer
2022-07-10;26.4;33.7;18.1;Summer
2022-07-13;26.3;32.3;19.3;Summer
2022-07-15;30.3;37.8;22.1;Summer
2022-07-19;28.4;34.6;19.9;Summer
2022-07-20;29.3;36.4;21.1;Summer
2022-07-22;31.1;37.6;23.5;Summer
2022-07-25;31.2;37.7;24.7;Summer
2022-07-28;26.8;32.5;21.5;Summer
2022-07-29;26.2;34.0;20.8;Summer
2022-08-04;29.8;37.0;20.6;Summer
2022-08-06;30.4;38.1;23.3;Summer
2022-08-08;26.6;32.2;21.8;Summer
2022-08-10;26.3;32.1;19.5;Summer
2022-08-15;27.7;34.8;22.8;Summer
2022-08-18;22.5;27.3;20.1;Summer
2022-08-25;26.3;32.2;19.9;Summer
2022-09-03;22.1;26.3;17.6;Summer
2022-09-04;23.7;29.6;18.4;Summer
2022-09-09;23.6;30.0;18.9;Summer
2022-09-10;23.2;29.5;17.9;Summer
2022-09-13;24.4;31.4;17.2;Summer
2022-09-14;26.1;30.2;21.3;Summer
2022-09-16;25.2;30.9;18.6;Summer
2022-09-17;15.5;18.9;11.5;Summer
2022-09-21;16.1;21.0;11.5;Summer
2022-10-10;18.4;21.8;15.1;Fall
2022-10-13;17.4;23.1;12.4;Fall
2022-10-14;17.4;23.2;11.8;Fall
2022-10-18;19.2;24.9;14.6;Fall
2022-10-23;19.9;24.7;15.4;Fall
2022-10-29;18.1;24.6;13.3;Fall
2022-10-31;18.2;24.8;13.5;Fall
2022-11-04;15.1;18.5;10.5;Fall
2022-11-05;13.0;17.7;9.2;Fall
2022-11-06;12.0;17.7;7.7;Fall
2022-11-09;13.2;18.4;10.1;Fall
2022-11-10;12.9;13.9;11.5;Fall
2022-11-11;13.4;17.3;10.6;Fall
2022-11-13;10.7;12.6;8.0;Fall
2022-11-17;10.6;13.4;8.0;Fall
2022-11-18;12.1;14.6;9.6;Fall
2022-11-19;9.3;11.7;7.6;Fall
2022-11-21;8.3;12.1;4.6;Fall
2022-11-30;6.0;7.5;3.4;Fall
2022-12-02;6.7;7.6;5.2;Fall
2022-12-04;8.5;10.0;7.3;Fall
2022-12-06;7.0;10.0;4.9;Fall
2022-12-14;2.9;3.7;1.8;Fall
2022-12-19;3.5;5.2;1.2;Fall
2022-12-20;6.0;7.2;4.8;Fall
2022-12-21;5.7;6.8;4.4;Winter
2022-12-22;7.1;9.4;5.3;Winter
2022-12-23;8.2;10.1;6.3;Winter
2023-01-02;8.5;10.1;7.6;Winter
2023-01-03;8.1;8.4;7.6;Winter
2023-01-10;9.0;13.1;5.4;Winter
2023-01-12;7.5;11.0;4.7;Winter
2023-01-13;6.4;9.4;4.1;Winter
2023-01-17;4.6;5.4;3.9;Winter
2023-01-19;3.1;4.8;0.9;Winter
2023-01-22;4.6;6.1;3.1;Winter
2023-01-23;3.7;7.9;0.8;Winter
2023-01-25;5.9;7.8;3.3;Winter
2023-01-27;3.5;6.0;1.8;Winter
2023-01-28;3.6;6.5;1.7;Winter
2023-01-29;3.4;7.3;0.3;Winter
2023-02-03;7.8;11.6;2.5;Winter
2023-02-04;9.2;15.6;5.5;Winter
2023-02-05;5.2;9.0;2.0;Winter
2023-02-07;1.4;5.3;-2.1;Winter
2023-02-12;6.8;12.1;1.9;Winter
2023-02-14;8.3;15.3;2.3;Winter
2023-02-15;9.6;17.4;3.7;Winter
2023-02-16;8.7;14.2;4.5;Winter
2023-02-18;10.2;15.0;7.0;Winter
2023-02-22;11.1;13.8;8.7;Winter
2023-02-24;10.9;15.9;6.5;Winter
2023-02-25;12.5;15.8;8.9;Winter
2023-03-01;2.6;4.2;0.9;Winter
2023-03-04;8.7;14.8;3.9;Winter
2023-03-05;9.9;16.5;4.7;Winter
2023-03-07;12.1;17.4;6.9;Winter
2023-03-12;11.1;17.2;7.4;Winter
2023-03-16;8.7;13.8;4.0;Winter
2023-03-19;11.1;15.4;7.0;Winter
2023-03-24;16.2;21.5;11.8;Spring
2023-03-27;12.8;19.0;7.1;Spring
2023-03-29;13.0;17.7;7.9;Spring
2023-03-31;14.7;19.7;9.6;Spring
2023-04-04;7.3;10.9;3.7;Spring
2023-04-07;10.9;16.8;3.7;Spring
2023-04-08;10.8;16.0;6.4;Spring
2023-04-10;12.0;16.9;6.7;Spring
2023-04-14;11.6;17.7;6.4;Spring
2023-04-16;12.6;17.6;8.1;Spring
2023-04-21;14.7;19.3;11.0;Spring
2023-04-22;16.4;21.7;10.9;Spring
2023-04-25;12.5;15.8;9.0;Spring
2023-04-28;16.0;22.6;7.7;Spring
2023-04-30;16.6;20.5;12.4;Spring
2023-05-04;17.1;22.5;11.8;Spring
2023-05-08;18.8;22.7;15.6;Spring
2023-05-09;17.5;22.1;13.9;Spring
2023-05-14;13.7;16.0;12.0;Spring
2023-05-15;16.6;21.0;12.3;Spring
2023-05-18;15.9;19.5;12.1;Spring
2023-05-21;19.6;25.0;14.4;Spring
2023-05-29;21.4;26.9;15.5;Spring
2023-06-03;20.1;27.0;16.5;Spring
2023-06-04;19.6;26.2;15.9;Spring
2023-06-14;21.3;26.0;17.1;Spring
2023-06-15;22.4;27.6;16.7;Spring
2023-06-19;26.9;33.0;20.7;Spring
2023-06-20;27.7;33.5;21.3;Spring
2023-06-21;28.5;34.6;22.1;Summer
2023-06-24;25.3;29.9;19.9;Summer
2023-06-25;25.0;30.4;18.6;Summer
2023-06-26;27.1;34.0;19.4;Summer
2023-06-30;22.3;26.2;18.0;Summer
2023-07-01;23.0;28.3;18.5;Summer
2023-07-10;30.2;37.2;23.2;Summer
2023-07-14;27.2;32.8;22.9;Summer
2023-07-28;25.1;31.4;18.7;Summer
2023-07-29;27.6;33.6;21.6;Summer
2023-08-01;26.6;32.6;21.7;Summer
2023-08-08;22.8;29.8;16.0;Summer
2023-08-11;25.3;32.2;18.9;Summer
2023-08-12;25.8;33.6;17.9;Summer
2023-08-13;27.3;34.1;21.1;Summer
2023-08-15;27.4;34.5;19.7;Summer
2023-08-16;28.0;34.2;21.8;Summer
2023-08-18;27.9;34.7;21.4;Summer
2023-08-20;28.8;34.5;22.5;Summer
2023-08-26;30.9;37.9;25.4;Summer
2023-09-02;24.3;31.1;18.1;Summer
2023-09-12;26.2;33.1;19.2;Summer
2023-09-18;24.3;27.9;20.4;Summer
2023-09-19;25.3;30.4;20.8;Summer
2023-09-20;22.4;26.8;19.0;Summer
2023-09-21;23.7;28.4;19.3;Summer
2023-09-22;23.6;26.0;21.3;Summer
2023-09-29;21.2;27.4;15.5;Fall
2023-09-30;21.9;28.6;15.6;Fall
2023-10-01;21.7;28.5;15.6;Fall
2023-10-03;22.2;28.6;15.9;Fall
2023-10-05;21.1;26.6;16.9;Fall
2023-10-06;20.9;26.5;16.7;Fall
2023-10-07;21.1;27.3;16.0;Fall
2023-10-09;24.7;32.1;17.9;Fall
2023-10-14;22.1;27.4;17.2;Fall
2023-10-15;19.9;25.0;15.8;Fall
2023-10-19;11.5;12.4;10.0;Fall
2023-10-23;17.3;21.8;12.1;Fall
2023-10-26;15.4;20.6;12.8;Fall
2023-10-28;18.5;23.9;13.9;Fall
2023-10-29;16.4;21.2;12.9;Fall
2023-10-30;16.9;23.1;13.6;Fall
2023-10-31;17.7;21.4;11.9;Fall
2023-11-06;15.1;21.1;10.7;Fall
2023-11-07;14.8;20.7;9.8;Fall
2023-11-10;9.7;10.6;8.4;Fall
2023-11-13;9.7;14.0;6.5;Fall
2023-11-15;12.2;16.0;8.2;Fall
2023-11-16;10.7;14.0;8.2;Fall
2023-11-20;10.1;13.9;7.3;Fall
2023-11-26;8.8;12.6;5.6;Fall
2023-11-30;4.3;5.9;3.8;Fall
2023-12-01;8.0;18.2;3.8;Fall
2023-12-02;12.4;18.4;7.8;Fall
2023-12-04;1.8;4.5;-0.5;Fall
2023-12-10;6.1;10.4;2.9;Fall
2023-12-14;7.6;9.3;5.0;Fall
2023-12-18;7.2;12.3;3.7;Fall
2023-12-23;15.6;22.4;10.8;Winter
2023-12-27;9.9;12.0;8.2;Winter
2024-01-01;7.8;10.6;4.2;Winter
2024-01-02;4.6;7.7;2.5;Winter
2024-01-04;8.6;15.8;2.8;Winter
2024-01-05;7.1;9.9;3.6;Winter
2024-01-07;7.0;7.4;6.6;Winter
2024-01-08;7.3;9.6;6.0;Winter
2024-01-12;3.7;8.7;0.6;Winter
2024-01-16;3.9;6.5;0.8;Winter
2024-01-19;4.3;6.7;2.5;Winter
2024-01-21;2.4;7.0;-1.0;Winter
2024-01-23;5.6;10.9;1.4;Winter
2024-01-24;5.4;9.8;1.5;Winter
2024-01-25;5.5;10.6;1.7;Winter
2024-01-27;5.5;11.5;1.0;Winter
2024-01-31;5.8;11.2;1.8;Winter
2024-02-06;8.6;13.6;4.0;Winter
2024-02-08;9.8;15.1;5.5;Winter
2024-02-10;10.8;13.5;9.7;Winter
2024-02-14;9.4;15.1;5.0;Winter
2024-02-17;10.5;15.7;6.8;Winter
2024-02-18;10.0;15.1;5.8;Winter
2024-02-19;10.6;15.6;7.3;Winter
2024-02-21;11.0;17.4;5.5;Winter
2024-02-22;12.9;16.3;8.2;Winter
2024-02-23;11.7;15.9;7.9;Winter
2024-02-26;9.3;10.8;6.9;Winter
2024-02-27;10.0;12.2;7.6;Winter
2024-02-28;10.9;12.2;9.5;Winter
2024-02-29;11.3;12.5;10.1;Winter
2024-03-10;10.9;14.2;7.5;Winter
2024-03-11;10.6;15.1;6.4;Winter
2024-03-14;12.1;18.0;5.7;Winter
2024-03-24;12.9;17.5;7.4;Spring
2024-03-28;11.9;17.8;7.6;Spring
2024-04-01;15.3;18.5;10.4;Spring
2024-04-08;17.9;25.0;12.0;Spring
2024-04-13;20.3;27.5;13.1;Spring
2024-04-15;21.8;27.5;16.3;Spring
2024-04-16;17.0;23.9;10.1;Spring
2024-04-19;12.6;18.8;6.3;Spring
2024-04-20;11.6;17.6;7.0;Spring
2024-04-23;6.7;9.4;4.7;Spring
2024-04-25;10.2;14.5;6.0;Spring
2024-04-27;12.7;15.9;9.8;Spring
2024-05-06;17.5;21.7;13.8;Spring
2024-05-09;17.9;23.3;12.9;Spring
2024-05-10;18.1;24.5;11.2;Spring
2024-05-12;20.5;26.7;13.6;Spring
2024-05-17;19.1;25.2;11.9;Spring
2024-05-27;20.6;26.7;13.6;Spring
2024-05-28;20.1;24.2;16.9;Spring
2024-05-30;20.8;25.6;15.9;Spring
2024-06-01;20.6;27.5;12.4;Spring
2024-06-05;22.7;29.4;16.5;Spring
2024-06-11;23.1;28.5;18.2;Spring
2024-06-12;20.6;26.9;15.8;Spring
2024-06-14;21.4;27.0;14.5;Spring
2024-06-15;23.9;29.7;16.3;Spring
2024-06-17;24.6;31.1;17.9;Spring
2024-06-19;26.6;32.4;20.6;Spring
2024-06-25;20.0;23.4;17.2;Summer
2024-06-26;21.2;27.1;17.0;Summer
2024-06-27;25.6;32.1;18.2;Summer
2024-07-01;24.4;30.4;18.0;Summer
2024-07-05;24.5;29.9;17.6;Summer
2024-07-17;29.9;36.9;23.0;Summer
2024-07-18;29.5;36.4;22.2;Summer
2024-07-21;28.3;34.0;21.1;Summer
2024-07-22;26.9;32.8;21.8;Summer
2024-07-30;28.1;33.5;22.3;Summer
2024-07-31;29.1;36.0;21.9;Summer
2024-08-01;29.7;36.6;23.0;Summer
2024-08-09;28.2;34.5;21.6;Summer
2024-08-13;30.4;37.2;24.4;Summer
2024-08-14;28.3;35.9;22.9;Summer
2024-08-17;27.1;33.8;23.5;Summer
2024-08-29;28.0;33.7;23.0;Summer
2024-08-30;28.0;34.7;21.4;Summer
2024-08-31;28.0;34.6;21.4;Summer
2024-09-15;19.1;24.9;14.3;Summer
2024-09-17;15.7;18.4;14.0;Summer
2024-09-19;15.6;18.3;13.5;Summer
2024-09-21;18.7;23.6;14.9;Summer
2024-09-25;19.9;24.8;14.3;Fall
2024-09-27;24.4;27.8;20.0;Fall
2024-09-30;17.2;22.4;12.1;Fall
2024-10-04;12.6;14.9;11.1;Fall
2024-10-06;14.3;19.2;9.0;Fall
2024-10-07;16.6;20.3;13.3;Fall
2024-10-08;17.5;21.5;14.9;Fall
2024-10-09;18.7;24.3;13.3;Fall
2024-10-12;16.3;21.2;11.3;Fall
2024-10-18;17.9;20.7;16.2;Fall
2024-10-19;16.2;16.9;15.4;Fall
2024-10-22;17.5;18.6;16.5;Fall
2024-10-28;17.4;21.2;14.6;Fall
2024-10-29;16.2;20.4;13.3;Fall
2024-11-02;14.3;19.7;10.5;Fall
2024-11-04;11.9;16.9;8.0;Fall
2024-11-05;9.7;12.7;7.4;Fall
2024-11-06;8.6;12.5;5.8;Fall
2024-11-09;10.1;12.7;7.8;Fall
2024-11-10;9.9;15.3;5.9;Fall
2024-11-11;8.9;13.9;5.4;Fall
2024-11-13;8.4;13.7;5.2;Fall
2024-11-14;7.4;10.9;4.4;Fall
2024-11-18;7.8;11.6;4.8;Fall
2024-11-23;7.5;12.3;4.0;Fall
2024-11-24;6.6;9.5;3.0;Fall
2024-11-27;8.9;10.3;6.9;Fall
2024-12-05;6.0;9.9;2.6;Fall
2024-12-06;4.7;8.9;1.5;Fall
2024-12-07;3.6;7.2;0.4;Fall
2024-12-22;3.9;7.9;1.2;Winter
2024-12-26;4.5;9.1;0.7;Winter
2024-12-28;6.8;12.3;3.1;Winter
2024-12-31;6.2;10.8;2.7;Winter
2025-01-01;5.3;9.9;1.0;Winter
2025-01-11;4.6;7.8;1.4;Winter
2025-01-14;1.6;4.8;-0.9;Winter
2025-01-15;2.9;7.6;-0.9;Winter
2025-01-26;6.8;11.0;3.9;Winter
2025-01-28;14.4;18.5;8.7;Winter
2025-02-02;8.4;10.0;6.6;Winter
2025-02-07;4.9;7.4;1.4;Winter
2025-02-08;5.4;6.7;4.1;Winter
2025-02-12;8.5;9.9;7.7;Winter
2025-02-15;4.5;7.7;1.3;Winter
2025-02-17;2.9;6.4;0.0;Winter
2025-02-21;6.5;12.7;1.4;Winter
2025-02-24;10.6;13.5;8.7;Winter
2025-02-25;10.0;11.9;8.5;Winter
2025-02-26;9.1;10.1;7.9;Winter
2025-03-02;7.6;12.1;3.8;Winter
2025-03-10;13.0;16.4;10.1;Winter
2025-03-11;12.7;16.6;9.1;Winter
2025-03-16;11.7;16.1;7.6;Winter
2025-03-17;10.5;14.9;5.6;Winter
2025-03-18;6.2;8.7;2.5;Winter
2025-03-19;6.7;12.5;0.5;Winter
2025-03-23;13.4;20.2;9.1;Spring
2025-03-25;12.4;16.4;9.4;Spring
2025-04-01;10.7;13.9;6.7;Spring
2025-04-02;12.8;17.9;8.7;Spring
2025-04-04;15.1;21.1;8.6;Spring
2025-04-05;16.5;23.3;9.1;Spring
2025-04-07;8.9;14.1;4.0;Spring
2025-04-08;9.7;15.6;3.5;Spring
2025-04-09;12.3;18.6;5.2;Spring
2025-04-11;17.0;25.3;9.6;Spring
2025-04-13;13.1;16.6;11.1;Spring
2025-04-15;16.4;21.6;12.9;Spring
2025-04-18;14.4;19.0;10.8;Spring
2025-04-20;16.5;21.0;12.0;Spring
2025-04-23;17.9;22.0;14.9;Spring
2025-04-28;17.4;23.4;12.0;Spring
2025-05-06;16.4;21.2;12.9;Spring
2025-05-11;18.1;24.2;12.0;Spring
2025-05-12;18.2;25.2;12.8;Spring
2025-05-16;15.8;20.1;11.7;Spring
2025-05-21;18.4;23.3;14.5;Spring
2025-05-26;21.2;27.5;15.4;Spring
2025-05-27;17.6;20.2;14.3;Spring
2025-05-28;21.3;27.5;13.6;Spring
2025-06-03;25.7;30.6;20.2;Spring
2025-06-06;24.9;30.3;18.9;Spring
2025-06-07;26.2;31.8;19.1;Spring
2025-06-12;26.9;33.5;19.8;Spring
2025-06-17;21.4;26.5;17.3;Spring
2025-06-18;24.2;30.1;17.3;Spring
2025-06-19;26.9;33.7;19.3;Spring
2025-06-20;27.4;33.7;21.0;Spring
2025-06-21;25.9;29.9;21.6;Summer
2025-06-23;28.6;35.0;21.4;Summer
2025-06-24;28.7;34.6;22.0;Summer
2025-06-29;29.2;34.2;23.0;Summer
2025-07-07;25.6;30.9;18.7;Summer
2025-07-19;27.4;32.3;21.4;Summer
2025-07-23;27.8;33.4;21.8;Summer
2025-07-29;22.7;27.7;17.4;Summer
2025-08-01;23.9;29.6;18.8;Summer
2025-08-04;23.9;29.4;17.3;Summer
2025-08-05;24.7;31.1;17.8;Summer
2025-08-07;25.7;31.6;20.1;Summer
2025-08-10;30.3;37.3;23.6;Summer
2025-08-13;28.7;35.5;22.5;Summer
2025-08-17;28.4;33.6;23.8;Summer
2025-08-20;24.3;29.8;20.3;Summer
2025-08-25;22.5;27.9;17.7;Summer
2025-08-26;24.2;29.9;18.9;Summer
2025-08-30;21.2;25.3;17.4;Summer
2025-09-05;24.4;31.0;18.8;Summer
2025-09-06;22.6;28.9;16.9;Summer
2025-09-07;22.7;29.3;16.2;Summer
2025-09-08;23.0;28.5;16.9;Summer
2025-09-09;22.7;28.1;19.1;Summer
2025-09-13;22.4;27.3;17.3;Summer
2025-09-16;24.2;30.1;19.4;Summer
2025-09-21;23.7;31.0;17.6;Summer
2025-09-23;21.4;26.3;17.5;Fall
2025-09-27;15.8;21.2;11.6;Fall
2025-10-05;11.7;15.3;8.2;Fall
2025-10-09;16.2;23.0;11.3;Fall
2025-10-10;16.9;23.2;11.5;Fall
2025-10-14;15.7;21.2;11.1;Fall
2025-10-16;13.8;19.9;9.2;Fall
2025-10-19;12.9;18.8;7.5;Fall
2025-10-21;13.2;14.6;12.0;Fall
2025-10-26;13.8;17.2;10.7;Fall
2025-10-30;13.2;18.0;11.8;Fall
2025-10-31;14.5;15.8;13.1;Fall
2025-11-02;15.7;20.2;12.6;Fall
2025-11-07;9.5;13.4;5.8;Fall
2025-11-09;9.8;13.4;6.1;Fall
2025-11-10;10.3;15.8;6.9;Fall
2025-11-17;14.1;18.3;11.4;Fall
2025-11-18;9.0;12.4;4.1;Fall
2025-11-19;6.1;9.4;1.7;Fall
2025-11-26;6.4;9.9;2.4;Fall
2025-11-27;6.5;10.2;3.6;Fall
2025-12-01;5.5;7.4;3.7;Fall
2025-12-04;8.7;9.2;8.2;Fall
2025-12-05;8.4;10.4;6.1;Fall
2025-12-06;7.1;10.8;4.5;Fall
2025-12-07;7.5;11.3;4.8;Fall
2025-12-09;7.5;12.8;3.9;Fall
2025-12-10;7.7;13.5;3.9;Fall
2025-12-11;6.3;9.3;3.6;Fall
2025-12-12;8.0;11.7;4.8;Fall
2025-12-16;6.0;7.0;4.4;Fall
2025-12-18;8.5;9.3;7.7;Fall
2025-12-19;8.5;9.1;7.7;Fall
2025-12-25;5.1;6.1;4.3;Winter
2025-12-27;5.5;9.5;2.1;Winter
2025-12-30;2.5;5.3;-2.2;Winter
2026-01-03;0.6;0.9;-0.1;Winter
2026-01-04;2.0;3.6;0.2;Winter
2026-01-09;0.1;2.3;-1.3;Winter
2026-01-12;2.0;6.3;-2.0;Winter
2026-01-14;5.0;8.2;2.4;Winter
2026-01-15;5.4;6.6;3.2;Winter
2026-01-19;4.2;5.4;3.3;Winter
2026-01-21;3.2;5.4;-0.1;Winter
2026-01-24;4.5;5.4;3.9;Winter
2026-01-28;6.8;8.8;5.1;Winter
2026-02-01;5.7;8.6;2.5;Winter
2026-02-07;8.5;11.7;4.8;Winter
2026-02-14;8.6;11.4;6.3;Winter
2026-02-15;10.0;14.9;6.8;Winter
2026-02-19;8.4;15.0;5.7;Winter
2026-02-23;9.9;15.0;6.0;Winter
2026-02-25;12.0;14.6;9.2;Winter
2026-03-02;11.1;14.1;8.3;Winter
2026-03-03;10.0;13.4;6.6;Winter
2026-03-04;8.8;12.7;5.8;Winter
2026-03-09;10.9;16.9;5.4;Winter
2026-03-13;12.3;17.2;7.5;Winter
2026-03-14;13.5;17.1;9.8;Winter
2026-03-17;11.5;16.1;7.3;Winter
2026-03-20;9.7;15.2;4.6;Winter
2026-03-25;13.4;20.6;4.8;Spring
2026-03-26;6.2;9.4;3.1;Spring
2026-03-31;10.2;14.4;4.8;Spring
